"date","exchange_rate_usd"
"1988-01-08","2.0443"
"1988-01-15","2.0313"
"1988-01-22","2.0205"
"1988-01-29","2.0182"
"1988-02-05","2.016"
"1988-02-12","2.0173"
"1988-02-19","2.0189"
"1988-02-26","2.013"
"1988-03-04","2.0154"
"1988-03-11","2.0131"
"1988-03-18","2.0184"
"1988-03-25","2.0132"
"1988-03-31","2.0045"
"1988-04-08","2.003"
"1988-04-15","2.0019"
"1988-04-22","2.0037"
"1988-04-29","2.0016"
"1988-05-06","2.0039"
"1988-05-13","2.0052"
"1988-05-20","2.0128"
"1988-05-27","2.0168"
"1988-06-03","2.0217"
"1988-06-10","2.018"
"1988-06-17","2.0246"
"1988-06-24","2.0346"
"1988-07-01","2.0483"
"1988-07-08","2.0443"
"1988-07-15","2.0503"
"1988-07-22","2.0384"
"1988-07-29","2.0378"
"1988-08-05","2.0472"
"1988-08-12","2.0397"
"1988-08-19","2.0374"
"1988-08-26","2.0329"
"1988-09-02","2.0429"
"1988-09-09","2.0375"
"1988-09-16","2.0433"
"1988-09-23","2.0406"
"1988-09-30","2.0408"
"1988-10-07","2.0389"
"1988-10-14","2.024"
"1988-10-21","2.0056"
"1988-10-28","1.9998"
"1988-11-04","1.9838"
"1988-11-11","1.9693"
"1988-11-18","1.9487"
"1988-11-25","1.9402"
"1988-12-02","1.9491"
"1988-12-09","1.9418"
"1988-12-16","1.9458"
"1988-12-23","1.9435"
"1988-12-30","1.9462"
"1989-01-06","1.9409"
"1989-01-13","1.941"
"1989-01-20","1.9418"
"1989-01-27","1.9342"
"1989-02-03","1.929"
"1989-02-10","1.9277"
"1989-02-17","1.9228"
"1989-02-24","1.9257"
"1989-03-03","1.9331"
"1989-03-10","1.94"
"1989-03-17","1.938"
"1989-03-23","1.9407"
"1989-03-31","1.9589"
"1989-04-07","1.9479"
"1989-04-14","1.9516"
"1989-04-21","1.9411"
"1989-04-28","1.9485"
"1989-05-05","1.9513"
"1989-05-12","1.9548"
"1989-05-18","1.9663"
"1989-05-26","1.9512"
"1989-06-02","1.9512"
"1989-06-09","1.9516"
"1989-06-16","1.9608"
"1989-06-23","1.9527"
"1989-06-30","1.966"
"1989-07-07","1.9608"
"1989-07-14","1.9568"
"1989-07-21","1.9593"
"1989-07-28","1.9569"
"1989-08-04","1.9498"
"1989-08-11","1.9515"
"1989-08-18","1.9616"
"1989-08-25","1.9683"
"1989-09-01","1.9687"
"1989-09-08","1.9787"
"1989-09-15","1.9804"
"1989-09-22","1.9802"
"1989-09-29","1.9603"
"1989-10-06","1.9664"
"1989-10-13","1.9693"
"1989-10-20","1.9567"
"1989-10-27","1.961"
"1989-11-03","1.958"
"1989-11-10","1.9587"
"1989-11-17","1.9601"
"1989-11-24","1.9582"
"1989-12-01","1.9468"
"1989-12-08","1.9318"
"1989-12-15","1.917"
"1989-12-22","1.9026"
"1989-12-29","1.8944"
"1990-01-05","1.8983"
"1990-01-12","1.895"
"1990-01-19","1.8861"
"1990-01-26","1.8773"
"1990-02-02","1.8675"
"1990-02-09","1.861"
"1990-02-16","1.8663"
"1990-02-23","1.8638"
"1990-03-02","1.8764"
"1990-03-09","1.8737"
"1990-03-16","1.8731"
"1990-03-23","1.8834"
"1990-03-30","1.8843"
"1990-04-06","1.8749"
"1990-04-12","1.878"
"1990-04-20","1.8767"
"1990-04-27","1.8763"
"1990-05-04","1.8765"
"1990-05-11","1.8581"
"1990-05-18","1.8545"
"1990-05-25","1.8477"
"1990-06-01","1.8525"
"1990-06-08","1.8488"
"1990-06-15","1.8484"
"1990-06-22","1.8413"
"1990-06-29","1.8396"
"1990-07-06","1.8299"
"1990-07-13","1.8133"
"1990-07-20","1.8151"
"1990-07-27","1.8207"
"1990-08-03","1.8088"
"1990-08-10","1.8038"
"1990-08-17","1.7926"
"1990-08-24","1.7765"
"1990-08-31","1.7655"
"1990-09-07","1.7635"
"1990-09-14","1.7719"
"1990-09-21","1.7661"
"1990-09-28","1.7632"
"1990-10-05","1.748"
"1990-10-12","1.7271"
"1990-10-19","1.7065"
"1990-10-26","1.718"
"1990-11-02","1.7058"
"1990-11-09","1.71"
"1990-11-16","1.7099"
"1990-11-30","1.7185"
"1990-12-07","1.7161"
"1990-12-14","1.7101"
"1990-12-21","1.7428"
"1990-12-28","1.741"
"1991-01-04","1.7448"
"1991-01-11","1.759"
"1991-01-18","1.7456"
"1991-01-25","1.7273"
"1991-02-01","1.7295"
"1991-02-08","1.7155"
"1991-02-14","1.7061"
"1991-02-22","1.7172"
"1991-03-01","1.7315"
"1991-03-08","1.7438"
"1991-03-15","1.753"
"1991-03-22","1.7664"
"1991-03-28","1.7931"
"1991-04-05","1.7586"
"1991-04-12","1.756"
"1991-04-19","1.7765"
"1991-04-26","1.772"
"1991-05-03","1.7641"
"1991-05-10","1.7665"
"1991-05-17","1.7683"
"1991-05-24","1.769"
"1991-05-31","1.7649"
"1991-06-07","1.7755"
"1991-06-14","1.7882"
"1991-06-21","1.7805"
"1991-06-28","1.7655"
"1991-07-05","1.7679"
"1991-07-12","1.7639"
"1991-07-19","1.7503"
"1991-07-26","1.7526"
"1991-08-02","1.7423"
"1991-08-08","1.72"
"1991-08-16","1.7252"
"1991-08-23","1.7239"
"1991-08-30","1.7195"
"1991-09-06","1.7171"
"1991-09-13","1.7017"
"1991-09-20","1.696"
"1991-09-27","1.6948"
"1991-10-04","1.6875"
"1991-10-11","1.694"
"1991-10-18","1.6925"
"1991-10-25","1.694"
"1991-11-01","1.6879"
"1991-11-08","1.6798"
"1991-11-15","1.6756"
"1991-11-22","1.6639"
"1991-11-29","1.6643"
"1991-12-06","1.6562"
"1991-12-13","1.6526"
"1991-12-20","1.6428"
"1991-12-27","1.6283"
"1992-01-03","1.6294"
"1992-01-10","1.6335"
"1992-01-17","1.6491"
"1992-01-24","1.6377"
"1992-01-31","1.6353"
"1992-02-07","1.6266"
"1992-02-14","1.6379"
"1992-02-21","1.6441"
"1992-02-28","1.6438"
"1992-03-06","1.6553"
"1992-03-13","1.6804"
"1992-03-20","1.665"
"1992-03-27","1.6642"
"1992-04-03","1.6575"
"1992-04-10","1.6483"
"1992-04-16","1.6575"
"1992-04-24","1.6577"
"1992-04-30","1.6553"
"1992-05-08","1.6503"
"1992-05-15","1.6393"
"1992-05-22","1.632"
"1992-05-29","1.634"
"1992-06-05","1.6275"
"1992-06-12","1.6225"
"1992-06-19","1.6228"
"1992-06-26","1.6194"
"1992-07-03","1.6166"
"1992-07-10","1.6159"
"1992-07-17","1.6106"
"1992-07-24","1.6151"
"1992-07-31","1.6126"
"1992-08-07","1.6111"
"1992-08-14","1.6096"
"1992-08-21","1.6092"
"1992-08-28","1.5996"
"1992-09-04","1.5968"
"1992-09-11","1.5966"
"1992-09-18","1.6025"
"1992-09-25","1.602"
"1992-10-02","1.5916"
"1992-10-09","1.6052"
"1992-10-16","1.6068"
"1992-10-23","1.6136"
"1992-10-30","1.6187"
"1992-11-06","1.6295"
"1992-11-13","1.6343"
"1992-11-20","1.634"
"1992-11-27","1.6348"
"1992-12-04","1.6413"
"1992-12-11","1.6384"
"1992-12-18","1.6392"
"1992-12-24","1.6389"
"1992-12-31","1.6449"
"1993-01-08","1.6625"
"1993-01-15","1.6586"
"1993-01-22","1.6538"
"1993-01-29","1.6423"
"1993-02-05","1.653"
"1993-02-12","1.6496"
"1993-02-19","1.6457"
"1993-02-26","1.6451"
"1993-03-05","1.6435"
"1993-03-12","1.6469"
"1993-03-19","1.6426"
"1993-03-26","1.6453"
"1993-04-02","1.634"
"1993-04-08","1.6265"
"1993-04-16","1.6286"
"1993-04-23","1.6175"
"1993-04-30","1.6151"
"1993-05-07","1.6109"
"1993-05-14","1.6177"
"1993-05-21","1.6151"
"1993-05-28","1.6082"
"1993-06-04","1.6044"
"1993-06-11","1.6083"
"1993-06-18","1.6169"
"1993-06-25","1.6273"
"1993-07-02","1.624"
"1993-07-09","1.6233"
"1993-07-16","1.6215"
"1993-07-23","1.6176"
"1993-07-30","1.6179"
"1993-08-06","1.6139"
"1993-08-13","1.6089"
"1993-08-20","1.612"
"1993-08-27","1.6067"
"1993-09-03","1.6056"
"1993-09-10","1.6"
"1993-09-17","1.5949"
"1993-09-24","1.5945"
"1993-10-01","1.585"
"1993-10-08","1.5662"
"1993-10-15","1.5695"
"1993-10-22","1.5718"
"1993-10-29","1.5785"
"1993-11-05","1.5928"
"1993-11-12","1.5943"
"1993-11-19","1.5998"
"1993-11-26","1.5992"
"1993-12-03","1.6012"
"1993-12-10","1.5984"
"1993-12-17","1.5942"
"1993-12-24","1.5944"
"1993-12-31","1.608"
"1994-01-07","1.5968"
"1994-01-14","1.6066"
"1994-01-21","1.6057"
"1994-01-28","1.5943"
"1994-02-04","1.5876"
"1994-02-09","1.588"
"1994-02-18","1.588"
"1994-02-25","1.5858"
"1994-03-04","1.5829"
"1994-03-11","1.5841"
"1994-03-18","1.5835"
"1994-03-25","1.5811"
"1994-03-31","1.5692"
"1994-04-08","1.5707"
"1994-04-15","1.5618"
"1994-04-22","1.5593"
"1994-04-29","1.5549"
"1994-05-06","1.5568"
"1994-05-13","1.5533"
"1994-05-20","1.5401"
"1994-05-27","1.5372"
"1994-06-03","1.5358"
"1994-06-10","1.5347"
"1994-06-17","1.5327"
"1994-06-24","1.5272"
"1994-07-01","1.5236"
"1994-07-08","1.5208"
"1994-07-15","1.5143"
"1994-07-22","1.5118"
"1994-07-29","1.5132"
"1994-08-05","1.5086"
"1994-08-12","1.5058"
"1994-08-19","1.5032"
"1994-08-26","1.4996"
"1994-09-02","1.4997"
"1994-09-09","1.4992"
"1994-09-16","1.4862"
"1994-09-23","1.4768"
"1994-09-30","1.4838"
"1994-10-07","1.4823"
"1994-10-14","1.4777"
"1994-10-21","1.4728"
"1994-10-28","1.4713"
"1994-11-04","1.4689"
"1994-11-11","1.4705"
"1994-11-18","1.4718"
"1994-11-25","1.4644"
"1994-12-02","1.4658"
"1994-12-09","1.4705"
"1994-12-16","1.4659"
"1994-12-23","1.4633"
"1994-12-30","1.4607"
"1995-01-06","1.4527"
"1995-01-13","1.4635"
"1995-01-20","1.4493"
"1995-01-27","1.4514"
"1995-02-03","1.4531"
"1995-02-10","1.4525"
"1995-02-17","1.4513"
"1995-02-24","1.4516"
"1995-03-02","1.4497"
"1995-03-10","1.417"
"1995-03-17","1.4118"
"1995-03-24","1.4175"
"1995-03-31","1.4191"
"1995-04-07","1.4028"
"1995-04-13","1.3975"
"1995-04-21","1.399"
"1995-04-28","1.3923"
"1995-05-05","1.3899"
"1995-05-12","1.4097"
"1995-05-19","1.3936"
"1995-05-26","1.3901"
"1995-06-02","1.3905"
"1995-06-09","1.3918"
"1995-06-16","1.3962"
"1995-06-23","1.3978"
"1995-06-30","1.3965"
"1995-07-07","1.3985"
"1995-07-14","1.3985"
"1995-07-21","1.401"
"1995-07-28","1.3942"
"1995-08-04","1.3987"
"1995-08-11","1.3982"
"1995-08-18","1.4273"
"1995-08-25","1.4248"
"1995-09-01","1.4226"
"1995-09-08","1.4258"
"1995-09-15","1.4354"
"1995-09-22","1.4371"
"1995-09-29","1.4205"
"1995-10-06","1.4295"
"1995-10-13","1.426"
"1995-10-20","1.4233"
"1995-10-27","1.4142"
"1995-11-03","1.4173"
"1995-11-10","1.4123"
"1995-11-17","1.412"
"1995-11-24","1.4118"
"1995-12-01","1.4123"
"1995-12-08","1.4129"
"1995-12-15","1.4161"
"1995-12-22","1.4151"
"1995-12-29","1.4143"
"1996-01-05","1.4264"
"1996-01-12","1.4243"
"1996-01-19","1.4224"
"1996-01-26","1.419"
"1996-02-02","1.4186"
"1996-02-09","1.4167"
"1996-02-16","1.4129"
"1996-02-23","1.4074"
"1996-03-01","1.4131"
"1996-03-08","1.4092"
"1996-03-15","1.4079"
"1996-03-22","1.4107"
"1996-03-29","1.408"
"1996-04-04","1.405"
"1996-04-12","1.409"
"1996-04-19","1.4081"
"1996-04-26","1.408"
"1996-05-03","1.4056"
"1996-05-10","1.4045"
"1996-05-17","1.408"
"1996-05-24","1.4098"
"1996-05-30","1.4097"
"1996-06-07","1.4087"
"1996-06-14","1.4082"
"1996-06-21","1.4088"
"1996-06-28","1.4099"
"1996-07-05","1.4135"
"1996-07-12","1.4167"
"1996-07-19","1.4186"
"1996-07-26","1.416"
"1996-08-02","1.4145"
"1996-08-08","1.4171"
"1996-08-16","1.4185"
"1996-08-23","1.4108"
"1996-08-30","1.4073"
"1996-09-06","1.4059"
"1996-09-13","1.4106"
"1996-09-20","1.4084"
"1996-09-27","1.408"
"1996-10-04","1.4097"
"1996-10-11","1.4083"
"1996-10-18","1.4145"
"1996-10-25","1.4161"
"1996-11-01","1.4088"
"1996-11-08","1.4024"
"1996-11-15","1.4003"
"1996-11-22","1.4006"
"1996-11-29","1.4025"
"1996-12-06","1.3999"
"1996-12-13","1.3993"
"1996-12-20","1.3996"
"1996-12-27","1.3995"
"1997-01-03","1.3998"
"1997-01-10","1.4056"
"1997-01-17","1.4052"
"1997-01-24","1.4082"
"1997-01-31","1.4085"
"1997-02-06","1.4125"
"1997-02-14","1.4182"
"1997-02-21","1.4239"
"1997-02-28","1.4248"
"1997-03-07","1.4312"
"1997-03-14","1.4353"
"1997-03-21","1.4462"
"1997-03-27","1.4477"
"1997-04-04","1.4373"
"1997-04-11","1.4373"
"1997-04-17","1.4415"
"1997-04-25","1.4446"
"1997-05-02","1.4466"
"1997-05-09","1.4418"
"1997-05-16","1.4327"
"1997-05-23","1.4327"
"1997-05-30","1.43"
"1997-06-06","1.4295"
"1997-06-13","1.4241"
"1997-06-20","1.427"
"1997-06-27","1.4265"
"1997-07-04","1.4327"
"1997-07-11","1.4331"
"1997-07-18","1.4612"
"1997-07-25","1.4735"
"1997-08-01","1.469"
"1997-08-08","1.4775"
"1997-08-15","1.5202"
"1997-08-22","1.503"
"1997-08-29","1.5285"
"1997-09-05","1.5203"
"1997-09-12","1.514"
"1997-09-19","1.519"
"1997-09-26","1.5185"
"1997-10-03","1.5362"
"1997-10-10","1.5295"
"1997-10-17","1.552"
"1997-10-24","1.5818"
"1997-10-31","1.5885"
"1997-11-07","1.573"
"1997-11-14","1.5815"
"1997-11-21","1.5935"
"1997-11-28","1.5917"
"1997-12-05","1.6195"
"1997-12-12","1.644"
"1997-12-19","1.675"
"1997-12-26","1.668"
"1998-01-02","1.692"
"1998-01-09","1.7655"
"1998-01-16","1.7555"
"1998-01-23","1.7665"
"1998-01-27","1.7545"
"1998-02-06","1.665"
"1998-02-13","1.6685"
"1998-02-20","1.638"
"1998-02-27","1.619"
"1998-03-06","1.655"
"1998-03-13","1.624"
"1998-03-20","1.609"
"1998-03-27","1.5943"
"1998-04-03","1.632"
"1998-04-09","1.594"
"1998-04-17","1.607"
"1998-04-24","1.5877"
"1998-04-30","1.5847"
"1998-05-08","1.622"
"1998-05-15","1.648"
"1998-05-22","1.6365"
"1998-05-29","1.6775"
"1998-06-05","1.6873"
"1998-06-12","1.7435"
"1998-06-19","1.673"
"1998-06-26","1.6835"
"1998-07-03","1.6965"
"1998-07-10","1.7263"
"1998-07-17","1.6845"
"1998-07-24","1.7096"
"1998-07-31","1.725"
"1998-08-07","1.743"
"1998-08-14","1.748"
"1998-08-21","1.755"
"1998-08-28","1.7715"
"1998-09-04","1.749"
"1998-09-11","1.732"
"1998-09-18","1.7185"
"1998-09-25","1.714"
"1998-10-02","1.6867"
"1998-10-09","1.6435"
"1998-10-16","1.6183"
"1998-10-23","1.625"
"1998-10-30","1.622"
"1998-11-06","1.6242"
"1998-11-13","1.655"
"1998-11-20","1.6263"
"1998-11-27","1.6513"
"1998-12-04","1.647"
"1998-12-11","1.6465"
"1998-12-18","1.651"
"1998-12-24","1.659"
"1998-12-31","1.6605"
"1999-01-08","1.6757"
"1999-01-15","1.68"
"1999-01-22","1.6742"
"1999-01-29","1.6898"
"1999-02-05","1.687"
"1999-02-12","1.6905"
"1999-02-19","1.7063"
"1999-02-26","1.7245"
"1999-03-05","1.7315"
"1999-03-12","1.7375"
"1999-03-19","1.722"
"1999-03-26","1.729"
"1999-04-01","1.7265"
"1999-04-09","1.732"
"1999-04-16","1.695"
"1999-04-23","1.708"
"1999-04-30","1.7005"
"1999-05-07","1.7015"
"1999-05-14","1.7095"
"1999-05-21","1.7205"
"1999-05-28","1.7275"
"1999-06-04","1.7253"
"1999-06-11","1.7122"
"1999-06-18","1.707"
"1999-06-25","1.704"
"1999-07-02","1.6989"
"1999-07-09","1.7005"
"1999-07-16","1.6988"
"1999-07-23","1.699"
"1999-07-30","1.6876"
"1999-08-06","1.6751"
"1999-08-13","1.672"
"1999-08-20","1.6785"
"1999-08-27","1.6895"
"1999-09-03","1.6865"
"1999-09-10","1.6877"
"1999-09-17","1.6945"
"1999-09-24","1.7105"
"1999-10-01","1.6965"
"1999-10-08","1.6793"
"1999-10-15","1.676"
"1999-10-22","1.6675"
"1999-10-29","1.67"
"1999-11-05","1.6682"
"1999-11-12","1.6703"
"1999-11-19","1.6701"
"1999-11-26","1.6715"
"1999-12-03","1.6867"
"1999-12-10","1.6787"
"1999-12-17","1.6745"
"1999-12-24","1.6697"
"1999-12-31","1.666"
"2000-01-07","1.6635"
"2000-01-14","1.6725"
"2000-01-21","1.674"
"2000-01-28","1.692"
"2000-02-04","1.688"
"2000-02-11","1.694"
"2000-02-18","1.7039"
"2000-02-25","1.7129"
"2000-03-03","1.7203"
"2000-03-10","1.7097"
"2000-03-17","1.7103"
"2000-03-24","1.7125"
"2000-03-31","1.7189"
"2000-04-07","1.7115"
"2000-04-14","1.7118"
"2000-04-20","1.6965"
"2000-04-28","1.7049"
"2000-05-05","1.7195"
"2000-05-12","1.7278"
"2000-05-19","1.7305"
"2000-05-26","1.7325"
"2000-06-02","1.7283"
"2000-06-09","1.7262"
"2000-06-16","1.7243"
"2000-06-23","1.7335"
"2000-06-30","1.7294"
"2000-07-07","1.7365"
"2000-07-14","1.742"
"2000-07-21","1.7463"
"2000-07-28","1.7315"
"2000-08-04","1.7235"
"2000-08-11","1.7145"
"2000-08-18","1.72"
"2000-08-25","1.7215"
"2000-09-01","1.7203"
"2000-09-08","1.7313"
"2000-09-15","1.737"
"2000-09-22","1.7458"
"2000-09-29","1.741"
"2000-10-06","1.7473"
"2000-10-13","1.7525"
"2000-10-20","1.75"
"2000-10-27","1.7554"
"2000-11-03","1.733"
"2000-11-10","1.739"
"2000-11-17","1.7478"
"2000-11-24","1.7579"
"2000-12-01","1.7516"
"2000-12-08","1.7339"
"2000-12-15","1.7368"
"2000-12-22","1.7293"
"2000-12-29","1.7315"
"2001-01-05","1.7355"
"2001-01-12","1.7342"
"2001-01-19","1.7405"
"2001-01-26","1.7437"
"2001-02-02","1.739"
"2001-02-09","1.7459"
"2001-02-16","1.7442"
"2001-02-23","1.7455"
"2001-03-02","1.7461"
"2001-03-09","1.7553"
"2001-03-16","1.7705"
"2001-03-23","1.7828"
"2001-03-30","1.8005"
"2001-04-06","1.8145"
"2001-04-12","1.8088"
"2001-04-20","1.809"
"2001-04-27","1.8195"
"2001-05-04","1.8211"
"2001-05-11","1.8141"
"2001-05-18","1.8065"
"2001-05-25","1.8045"
"2001-06-01","1.8083"
"2001-06-08","1.8101"
"2001-06-15","1.8137"
"2001-06-22","1.8195"
"2001-06-29","1.8207"
"2001-07-06","1.8255"
"2001-07-13","1.8355"
"2001-07-20","1.824"
"2001-07-27","1.8036"
"2001-08-03","1.7782"
"2001-08-10","1.7617"
"2001-08-17","1.7493"
"2001-08-24","1.7521"
"2001-08-31","1.7393"
"2001-09-07","1.751"
"2001-09-14","1.7388"
"2001-09-21","1.7389"
"2001-09-28","1.7651"
"2001-10-05","1.782"
"2001-10-12","1.8183"
"2001-10-19","1.818"
"2001-10-26","1.8257"
"2001-11-02","1.8331"
"2001-11-09","1.8218"
"2001-11-16","1.8308"
"2001-11-23","1.8407"
"2001-11-30","1.8308"
"2001-12-07","1.8306"
"2001-12-14","1.832"
"2001-12-21","1.8426"
"2001-12-28","1.85"
"2002-01-04","1.8467"
"2002-01-11","1.8443"
"2002-01-18","1.8367"
"2002-01-25","1.837"
"2002-02-01","1.838"
"2002-02-08","1.8319"
"2002-02-15","1.8241"
"2002-02-22","1.8325"
"2002-03-01","1.8312"
"2002-03-08","1.8192"
"2002-03-15","1.8232"
"2002-03-22","1.8288"
"2002-03-28","1.8425"
"2002-04-05","1.836"
"2002-04-12","1.838"
"2002-04-19","1.8215"
"2002-04-26","1.8101"
"2002-05-03","1.8092"
"2002-05-10","1.8085"
"2002-05-17","1.7955"
"2002-05-24","1.7995"
"2002-05-31","1.7855"
"2002-06-07","1.7967"
"2002-06-14","1.7865"
"2002-06-21","1.7753"
"2002-06-28","1.7645"
"2002-07-05","1.7695"
"2002-07-12","1.7512"
"2002-07-19","1.7335"
"2002-07-26","1.7527"
"2002-08-02","1.7553"
"2002-08-08","1.7668"
"2002-08-16","1.7484"
"2002-08-23","1.7574"
"2002-08-30","1.7485"
"2002-09-06","1.7445"
"2002-09-13","1.7616"
"2002-09-20","1.7752"
"2002-09-27","1.7781"
"2002-10-04","1.7832"
"2002-10-11","1.7931"
"2002-10-18","1.7879"
"2002-10-25","1.7745"
"2002-11-01","1.7695"
"2002-11-08","1.7617"
"2002-11-15","1.7624"
"2002-11-22","1.7705"
"2002-11-29","1.7627"
"2002-12-05","1.7723"
"2002-12-13","1.7557"
"2002-12-20","1.7434"
"2002-12-27","1.7371"
"2003-01-02","1.7426"
"2003-01-03","1.7453"
"2003-01-06","1.7405"
"2003-01-07","1.7402"
"2003-01-08","1.742"
"2003-01-09","1.7371"
"2003-01-10","1.7385"
"2003-01-13","1.7372"
"2003-01-14","1.7337"
"2003-01-15","1.7339"
"2003-01-16","1.7323"
"2003-01-17","1.7306"
"2003-01-20","1.7341"
"2003-01-21","1.7345"
"2003-01-22","1.7333"
"2003-01-23","1.7343"
"2003-01-24","1.7308"
"2003-01-27","1.7285"
"2003-01-28","1.7309"
"2003-01-29","1.7315"
"2003-01-30","1.7316"
"2003-01-31","1.7377"
"2003-02-04","1.7454"
"2003-02-05","1.7379"
"2003-02-06","1.7428"
"2003-02-07","1.7418"
"2003-02-10","1.7493"
"2003-02-11","1.757"
"2003-02-13","1.754"
"2003-02-14","1.7541"
"2003-02-17","1.7553"
"2003-02-18","1.753"
"2003-02-19","1.7513"
"2003-02-20","1.7483"
"2003-02-21","1.7435"
"2003-02-24","1.7419"
"2003-02-25","1.7377"
"2003-02-26","1.7352"
"2003-02-27","1.7337"
"2003-02-28","1.7377"
"2003-03-03","1.7381"
"2003-03-04","1.7341"
"2003-03-05","1.7321"
"2003-03-06","1.7352"
"2003-03-07","1.7347"
"2003-03-10","1.7348"
"2003-03-11","1.7357"
"2003-03-12","1.7412"
"2003-03-13","1.7491"
"2003-03-14","1.7535"
"2003-03-17","1.7537"
"2003-03-18","1.7626"
"2003-03-19","1.767"
"2003-03-20","1.7688"
"2003-03-21","1.7649"
"2003-03-24","1.7681"
"2003-03-25","1.762"
"2003-03-26","1.7672"
"2003-03-27","1.7698"
"2003-03-28","1.7697"
"2003-03-31","1.7656"
"2003-04-01","1.7664"
"2003-04-02","1.7688"
"2003-04-03","1.7697"
"2003-04-04","1.7776"
"2003-04-07","1.7835"
"2003-04-08","1.7807"
"2003-04-09","1.7829"
"2003-04-10","1.7806"
"2003-04-11","1.7749"
"2003-04-14","1.7819"
"2003-04-15","1.7776"
"2003-04-16","1.7797"
"2003-04-17","1.7688"
"2003-04-21","1.7685"
"2003-04-22","1.7766"
"2003-04-23","1.7765"
"2003-04-24","1.7796"
"2003-04-25","1.7814"
"2003-04-28","1.7829"
"2003-04-29","1.7744"
"2003-04-30","1.7741"
"2003-05-02","1.7701"
"2003-05-05","1.7656"
"2003-05-06","1.7491"
"2003-05-07","1.7419"
"2003-05-08","1.7379"
"2003-05-09","1.738"
"2003-05-12","1.7329"
"2003-05-13","1.7351"
"2003-05-14","1.7348"
"2003-05-16","1.7209"
"2003-05-19","1.7224"
"2003-05-20","1.7298"
"2003-05-21","1.723"
"2003-05-22","1.727"
"2003-05-23","1.7221"
"2003-05-26","1.7198"
"2003-05-27","1.7203"
"2003-05-28","1.7275"
"2003-05-29","1.7348"
"2003-05-30","1.7299"
"2003-06-02","1.734"
"2003-06-03","1.7258"
"2003-06-04","1.7265"
"2003-06-05","1.7245"
"2003-06-06","1.7212"
"2003-06-09","1.73"
"2003-06-10","1.7292"
"2003-06-11","1.7345"
"2003-06-12","1.7382"
"2003-06-13","1.7381"
"2003-06-16","1.7273"
"2003-06-17","1.7279"
"2003-06-18","1.728"
"2003-06-19","1.7327"
"2003-06-20","1.732"
"2003-06-23","1.7349"
"2003-06-24","1.7407"
"2003-06-25","1.7402"
"2003-06-26","1.7427"
"2003-06-27","1.7531"
"2003-06-30","1.7567"
"2003-07-01","1.7589"
"2003-07-02","1.7574"
"2003-07-03","1.7528"
"2003-07-04","1.7513"
"2003-07-07","1.7475"
"2003-07-08","1.756"
"2003-07-09","1.752"
"2003-07-10","1.7561"
"2003-07-11","1.7548"
"2003-07-14","1.7565"
"2003-07-15","1.756"
"2003-07-16","1.762"
"2003-07-17","1.758"
"2003-07-18","1.7618"
"2003-07-21","1.7578"
"2003-07-22","1.7605"
"2003-07-23","1.7572"
"2003-07-24","1.7518"
"2003-07-25","1.748"
"2003-07-28","1.7465"
"2003-07-29","1.7521"
"2003-07-30","1.7561"
"2003-07-31","1.7598"
"2003-08-01","1.7602"
"2003-08-04","1.7605"
"2003-08-05","1.7629"
"2003-08-06","1.7645"
"2003-08-07","1.7618"
"2003-08-08","1.7536"
"2003-08-11","1.7566"
"2003-08-12","1.7534"
"2003-08-13","1.7573"
"2003-08-14","1.7532"
"2003-08-15","1.7488"
"2003-08-18","1.748"
"2003-08-19","1.7506"
"2003-08-20","1.75"
"2003-08-21","1.7402"
"2003-08-22","1.7424"
"2003-08-25","1.7443"
"2003-08-26","1.7487"
"2003-08-27","1.755"
"2003-08-28","1.7532"
"2003-08-29","1.7573"
"2003-09-01","1.7546"
"2003-09-02","1.7538"
"2003-09-03","1.758"
"2003-09-04","1.754"
"2003-09-05","1.7606"
"2003-09-08","1.7597"
"2003-09-09","1.7565"
"2003-09-10","1.7515"
"2003-09-11","1.7485"
"2003-09-12","1.7493"
"2003-09-15","1.7522"
"2003-09-16","1.752"
"2003-09-17","1.7492"
"2003-09-18","1.7483"
"2003-09-19","1.7477"
"2003-09-22","1.7313"
"2003-09-23","1.7305"
"2003-09-24","1.736"
"2003-09-25","1.7331"
"2003-09-26","1.7313"
"2003-09-29","1.7295"
"2003-09-30","1.7285"
"2003-10-01","1.7286"
"2003-10-02","1.7243"
"2003-10-03","1.7255"
"2003-10-06","1.7295"
"2003-10-07","1.7258"
"2003-10-08","1.7213"
"2003-10-09","1.7233"
"2003-10-10","1.7247"
"2003-10-13","1.7181"
"2003-10-14","1.7301"
"2003-10-15","1.7416"
"2003-10-16","1.7393"
"2003-10-17","1.7387"
"2003-10-20","1.7407"
"2003-10-21","1.744"
"2003-10-22","1.7432"
"2003-10-23","1.7335"
"2003-10-27","1.743"
"2003-10-28","1.7451"
"2003-10-29","1.7395"
"2003-10-30","1.734"
"2003-10-31","1.7365"
"2003-11-03","1.7414"
"2003-11-04","1.7445"
"2003-11-05","1.7418"
"2003-11-06","1.7423"
"2003-11-07","1.741"
"2003-11-10","1.7387"
"2003-11-11","1.7343"
"2003-11-12","1.7347"
"2003-11-13","1.7291"
"2003-11-14","1.72"
"2003-11-17","1.7194"
"2003-11-18","1.7217"
"2003-11-19","1.7124"
"2003-11-20","1.7137"
"2003-11-21","1.722"
"2003-11-24","1.724"
"2003-11-26","1.7191"
"2003-11-27","1.7223"
"2003-11-28","1.726"
"2003-12-01","1.7233"
"2003-12-02","1.722"
"2003-12-03","1.7191"
"2003-12-04","1.7163"
"2003-12-05","1.717"
"2003-12-08","1.7123"
"2003-12-09","1.7104"
"2003-12-10","1.713"
"2003-12-11","1.7143"
"2003-12-12","1.711"
"2003-12-15","1.7088"
"2003-12-16","1.7078"
"2003-12-17","1.709"
"2003-12-18","1.7083"
"2003-12-19","1.7077"
"2003-12-22","1.7087"
"2003-12-23","1.7075"
"2003-12-24","1.7083"
"2003-12-26","1.7029"
"2003-12-29","1.7053"
"2003-12-30","1.7012"
"2003-12-31","1.7008"
"2004-01-02","1.6995"
"2004-01-05","1.6999"
"2004-01-06","1.6991"
"2004-01-07","1.6973"
"2004-01-08","1.6975"
"2004-01-09","1.6946"
"2004-01-12","1.6917"
"2004-01-13","1.6945"
"2004-01-14","1.6934"
"2004-01-15","1.695"
"2004-01-16","1.6994"
"2004-01-19","1.7081"
"2004-01-20","1.7125"
"2004-01-21","1.7025"
"2004-01-26","1.6965"
"2004-01-27","1.697"
"2004-01-28","1.6959"
"2004-01-29","1.6995"
"2004-01-30","1.702"
"2004-02-03","1.6953"
"2004-02-04","1.6939"
"2004-02-05","1.6936"
"2004-02-06","1.696"
"2004-02-09","1.6871"
"2004-02-10","1.6828"
"2004-02-11","1.674"
"2004-02-12","1.6719"
"2004-02-13","1.674"
"2004-02-16","1.6741"
"2004-02-17","1.6771"
"2004-02-18","1.675"
"2004-02-19","1.6789"
"2004-02-20","1.6823"
"2004-02-23","1.6977"
"2004-02-24","1.6965"
"2004-02-25","1.6884"
"2004-02-26","1.6946"
"2004-02-27","1.7032"
"2004-03-01","1.6985"
"2004-03-02","1.7028"
"2004-03-03","1.7088"
"2004-03-04","1.7087"
"2004-03-05","1.7163"
"2004-03-08","1.7129"
"2004-03-09","1.7009"
"2004-03-10","1.7087"
"2004-03-11","1.7129"
"2004-03-12","1.7095"
"2004-03-15","1.713"
"2004-03-16","1.707"
"2004-03-17","1.7016"
"2004-03-18","1.6921"
"2004-03-19","1.6933"
"2004-03-22","1.6954"
"2004-03-23","1.6886"
"2004-03-24","1.6885"
"2004-03-25","1.6914"
"2004-03-26","1.6905"
"2004-03-29","1.6895"
"2004-03-30","1.6844"
"2004-03-31","1.679"
"2004-04-01","1.6753"
"2004-04-02","1.672"
"2004-04-05","1.6772"
"2004-04-06","1.6828"
"2004-04-07","1.6791"
"2004-04-08","1.6755"
"2004-04-12","1.6691"
"2004-04-13","1.6631"
"2004-04-14","1.6726"
"2004-04-15","1.6846"
"2004-04-16","1.6813"
"2004-04-19","1.6776"
"2004-04-20","1.6783"
"2004-04-21","1.6885"
"2004-04-22","1.6945"
"2004-04-23","1.6987"
"2004-04-26","1.7003"
"2004-04-27","1.696"
"2004-04-28","1.6944"
"2004-04-29","1.6998"
"2004-04-30","1.7038"
"2004-05-03","1.6995"
"2004-05-04","1.6972"
"2004-05-05","1.6912"
"2004-05-06","1.6867"
"2004-05-07","1.6917"
"2004-05-10","1.7119"
"2004-05-11","1.7211"
"2004-05-12","1.713"
"2004-05-13","1.719"
"2004-05-14","1.7291"
"2004-05-17","1.7201"
"2004-05-18","1.7261"
"2004-05-19","1.7202"
"2004-05-20","1.7152"
"2004-05-21","1.7168"
"2004-05-24","1.7174"
"2004-05-25","1.7197"
"2004-05-26","1.7127"
"2004-05-27","1.7066"
"2004-05-28","1.6992"
"2004-05-31","1.6981"
"2004-06-01","1.7011"
"2004-06-03","1.7043"
"2004-06-04","1.7097"
"2004-06-07","1.7059"
"2004-06-08","1.7045"
"2004-06-09","1.705"
"2004-06-10","1.7127"
"2004-06-11","1.7145"
"2004-06-14","1.7228"
"2004-06-15","1.7183"
"2004-06-16","1.7134"
"2004-06-17","1.717"
"2004-06-18","1.7189"
"2004-06-21","1.716"
"2004-06-22","1.7214"
"2004-06-23","1.718"
"2004-06-24","1.7156"
"2004-06-25","1.7052"
"2004-06-28","1.7065"
"2004-06-29","1.7111"
"2004-06-30","1.7163"
"2004-07-01","1.7167"
"2004-07-02","1.7176"
"2004-07-05","1.7125"
"2004-07-06","1.7167"
"2004-07-07","1.7138"
"2004-07-08","1.7073"
"2004-07-09","1.7041"
"2004-07-12","1.6992"
"2004-07-13","1.7006"
"2004-07-14","1.7015"
"2004-07-15","1.7069"
"2004-07-16","1.7058"
"2004-07-19","1.6994"
"2004-07-20","1.7023"
"2004-07-21","1.7065"
"2004-07-22","1.7163"
"2004-07-23","1.7191"
"2004-07-26","1.723"
"2004-07-27","1.7221"
"2004-07-28","1.7246"
"2004-07-29","1.7248"
"2004-07-30","1.7243"
"2004-08-02","1.7157"
"2004-08-03","1.7176"
"2004-08-04","1.7216"
"2004-08-05","1.7211"
"2004-08-06","1.7232"
"2004-08-10","1.7125"
"2004-08-11","1.7165"
"2004-08-12","1.712"
"2004-08-13","1.718"
"2004-08-16","1.7156"
"2004-08-17","1.7133"
"2004-08-18","1.7141"
"2004-08-19","1.7137"
"2004-08-20","1.7082"
"2004-08-23","1.7051"
"2004-08-24","1.7116"
"2004-08-25","1.7112"
"2004-08-26","1.7128"
"2004-08-27","1.7111"
"2004-08-30","1.7143"
"2004-08-31","1.713"
"2004-09-01","1.7086"
"2004-09-02","1.7062"
"2004-09-03","1.7025"
"2004-09-06","1.7044"
"2004-09-07","1.7041"
"2004-09-08","1.6989"
"2004-09-09","1.6985"
"2004-09-10","1.6989"
"2004-09-13","1.6996"
"2004-09-14","1.6931"
"2004-09-15","1.6907"
"2004-09-16","1.6896"
"2004-09-17","1.6889"
"2004-09-20","1.6906"
"2004-09-21","1.6922"
"2004-09-22","1.6887"
"2004-09-23","1.695"
"2004-09-24","1.6919"
"2004-09-27","1.6903"
"2004-09-28","1.6947"
"2004-09-29","1.6938"
"2004-09-30","1.6908"
"2004-10-01","1.6863"
"2004-10-04","1.6865"
"2004-10-05","1.6859"
"2004-10-06","1.6888"
"2004-10-07","1.6907"
"2004-10-08","1.6849"
"2004-10-11","1.6834"
"2004-10-12","1.6849"
"2004-10-13","1.6843"
"2004-10-14","1.6848"
"2004-10-15","1.6807"
"2004-10-18","1.6782"
"2004-10-19","1.6797"
"2004-10-20","1.6744"
"2004-10-21","1.6722"
"2004-10-22","1.6709"
"2004-10-25","1.6629"
"2004-10-26","1.6626"
"2004-10-27","1.6677"
"2004-10-28","1.662"
"2004-10-29","1.6621"
"2004-11-01","1.664"
"2004-11-02","1.6658"
"2004-11-03","1.6677"
"2004-11-04","1.6626"
"2004-11-05","1.6542"
"2004-11-08","1.6513"
"2004-11-09","1.6523"
"2004-11-10","1.6537"
"2004-11-12","1.6531"
"2004-11-16","1.6533"
"2004-11-17","1.6509"
"2004-11-18","1.6457"
"2004-11-19","1.6505"
"2004-11-22","1.6446"
"2004-11-23","1.6473"
"2004-11-24","1.643"
"2004-11-25","1.6412"
"2004-11-26","1.639"
"2004-11-29","1.639"
"2004-11-30","1.6417"
"2004-12-01","1.635"
"2004-12-02","1.6324"
"2004-12-03","1.6441"
"2004-12-06","1.6333"
"2004-12-07","1.6345"
"2004-12-08","1.6421"
"2004-12-09","1.6457"
"2004-12-10","1.6574"
"2004-12-13","1.6511"
"2004-12-14","1.6473"
"2004-12-15","1.6499"
"2004-12-16","1.6413"
"2004-12-17","1.6455"
"2004-12-20","1.645"
"2004-12-21","1.6414"
"2004-12-22","1.6409"
"2004-12-23","1.6402"
"2004-12-24","1.6408"
"2004-12-27","1.6428"
"2004-12-28","1.6361"
"2004-12-29","1.6365"
"2004-12-30","1.6369"
"2004-12-31","1.6338"
"2005-01-03","1.6391"
"2005-01-04","1.6363"
"2005-01-05","1.6473"
"2005-01-06","1.6475"
"2005-01-07","1.6464"
"2005-01-10","1.6483"
"2005-01-11","1.6413"
"2005-01-12","1.6401"
"2005-01-13","1.6327"
"2005-01-14","1.6348"
"2005-01-17","1.6343"
"2005-01-18","1.6376"
"2005-01-19","1.6326"
"2005-01-20","1.6345"
"2005-01-24","1.6339"
"2005-01-25","1.6325"
"2005-01-26","1.6362"
"2005-01-27","1.6338"
"2005-01-28","1.6335"
"2005-01-31","1.6397"
"2005-02-01","1.6388"
"2005-02-02","1.6378"
"2005-02-03","1.6375"
"2005-02-04","1.6381"
"2005-02-07","1.6367"
"2005-02-08","1.6453"
"2005-02-11","1.6521"
"2005-02-14","1.6445"
"2005-02-15","1.6426"
"2005-02-16","1.6404"
"2005-02-17","1.6413"
"2005-02-18","1.641"
"2005-02-21","1.639"
"2005-02-22","1.6336"
"2005-02-23","1.628"
"2005-02-24","1.6277"
"2005-02-25","1.6328"
"2005-02-28","1.6266"
"2005-03-01","1.6247"
"2005-03-02","1.6241"
"2005-03-03","1.6275"
"2005-03-04","1.6302"
"2005-03-07","1.6264"
"2005-03-08","1.6236"
"2005-03-09","1.6218"
"2005-03-10","1.6177"
"2005-03-11","1.6225"
"2005-03-14","1.6197"
"2005-03-15","1.6231"
"2005-03-16","1.623"
"2005-03-17","1.6235"
"2005-03-18","1.6242"
"2005-03-21","1.6288"
"2005-03-22","1.6339"
"2005-03-23","1.6387"
"2005-03-24","1.6448"
"2005-03-28","1.6491"
"2005-03-29","1.6492"
"2005-03-30","1.6518"
"2005-03-31","1.6498"
"2005-04-01","1.6577"
"2005-04-04","1.6635"
"2005-04-05","1.6677"
"2005-04-06","1.6587"
"2005-04-07","1.658"
"2005-04-08","1.66"
"2005-04-11","1.6573"
"2005-04-12","1.6459"
"2005-04-13","1.6437"
"2005-04-14","1.651"
"2005-04-15","1.6589"
"2005-04-18","1.6579"
"2005-04-19","1.6523"
"2005-04-20","1.649"
"2005-04-21","1.6489"
"2005-04-22","1.6495"
"2005-04-25","1.6471"
"2005-04-26","1.6475"
"2005-04-27","1.6497"
"2005-04-28","1.6465"
"2005-04-29","1.6474"
"2005-05-03","1.6384"
"2005-05-04","1.6378"
"2005-05-05","1.6378"
"2005-05-06","1.6377"
"2005-05-09","1.6431"
"2005-05-10","1.6439"
"2005-05-11","1.6443"
"2005-05-12","1.6478"
"2005-05-13","1.6543"
"2005-05-16","1.6601"
"2005-05-17","1.6568"
"2005-05-18","1.6584"
"2005-05-19","1.654"
"2005-05-20","1.6567"
"2005-05-24","1.6574"
"2005-05-25","1.6547"
"2005-05-26","1.6596"
"2005-05-27","1.6586"
"2005-05-30","1.6585"
"2005-05-31","1.6638"
"2005-06-01","1.6658"
"2005-06-02","1.6733"
"2005-06-03","1.6691"
"2005-06-06","1.6662"
"2005-06-07","1.6636"
"2005-06-08","1.66"
"2005-06-09","1.6615"
"2005-06-10","1.6665"
"2005-06-13","1.6717"
"2005-06-14","1.6748"
"2005-06-15","1.6757"
"2005-06-16","1.6736"
"2005-06-17","1.6724"
"2005-06-20","1.6691"
"2005-06-21","1.6757"
"2005-06-22","1.6713"
"2005-06-23","1.6703"
"2005-06-24","1.6757"
"2005-06-27","1.6748"
"2005-06-28","1.6785"
"2005-06-29","1.6832"
"2005-06-30","1.6832"
"2005-07-01","1.6846"
"2005-07-04","1.695"
"2005-07-05","1.6946"
"2005-07-06","1.6971"
"2005-07-07","1.6991"
"2005-07-08","1.7009"
"2005-07-11","1.6962"
"2005-07-12","1.692"
"2005-07-13","1.6868"
"2005-07-14","1.6906"
"2005-07-15","1.6897"
"2005-07-18","1.6875"
"2005-07-19","1.6858"
"2005-07-20","1.6926"
"2005-07-21","1.6836"
"2005-07-22","1.6624"
"2005-07-25","1.6587"
"2005-07-26","1.6645"
"2005-07-27","1.6715"
"2005-07-28","1.6649"
"2005-07-29","1.6621"
"2005-08-01","1.6615"
"2005-08-02","1.6586"
"2005-08-03","1.6566"
"2005-08-04","1.6487"
"2005-08-05","1.6543"
"2005-08-08","1.6558"
"2005-08-10","1.6501"
"2005-08-11","1.645"
"2005-08-12","1.6477"
"2005-08-15","1.6532"
"2005-08-16","1.6586"
"2005-08-17","1.6597"
"2005-08-18","1.6602"
"2005-08-19","1.6677"
"2005-08-22","1.6676"
"2005-08-23","1.6677"
"2005-08-24","1.6745"
"2005-08-25","1.6718"
"2005-08-26","1.6741"
"2005-08-29","1.675"
"2005-08-30","1.6832"
"2005-08-31","1.6841"
"2005-09-01","1.6831"
"2005-09-02","1.6745"
"2005-09-05","1.672"
"2005-09-06","1.6748"
"2005-09-07","1.6765"
"2005-09-08","1.677"
"2005-09-09","1.6782"
"2005-09-12","1.6746"
"2005-09-13","1.6783"
"2005-09-14","1.678"
"2005-09-15","1.6798"
"2005-09-16","1.6793"
"2005-09-19","1.6818"
"2005-09-20","1.6786"
"2005-09-21","1.6822"
"2005-09-22","1.6798"
"2005-09-23","1.6825"
"2005-09-26","1.6863"
"2005-09-27","1.6913"
"2005-09-28","1.6919"
"2005-09-29","1.6885"
"2005-09-30","1.6891"
"2005-10-03","1.6952"
"2005-10-04","1.693"
"2005-10-05","1.6921"
"2005-10-06","1.6869"
"2005-10-07","1.6822"
"2005-10-10","1.6839"
"2005-10-11","1.6865"
"2005-10-12","1.6914"
"2005-10-13","1.6942"
"2005-10-14","1.6903"
"2005-10-17","1.6865"
"2005-10-18","1.6929"
"2005-10-19","1.6954"
"2005-10-20","1.6956"
"2005-10-21","1.6923"
"2005-10-24","1.6965"
"2005-10-25","1.693"
"2005-10-26","1.6896"
"2005-10-27","1.6901"
"2005-10-28","1.687"
"2005-10-31","1.6919"
"2005-11-02","1.6945"
"2005-11-04","1.6995"
"2005-11-07","1.6999"
"2005-11-08","1.7016"
"2005-11-09","1.7015"
"2005-11-10","1.7017"
"2005-11-11","1.7017"
"2005-11-14","1.7015"
"2005-11-15","1.7046"
"2005-11-16","1.7023"
"2005-11-17","1.7017"
"2005-11-18","1.7013"
"2005-11-21","1.7007"
"2005-11-22","1.7003"
"2005-11-23","1.6952"
"2005-11-24","1.6927"
"2005-11-25","1.6917"
"2005-11-28","1.6964"
"2005-11-29","1.6917"
"2005-11-30","1.6922"
"2005-12-01","1.6912"
"2005-12-02","1.6922"
"2005-12-05","1.6896"
"2005-12-06","1.6846"
"2005-12-07","1.6855"
"2005-12-08","1.6854"
"2005-12-09","1.6831"
"2005-12-12","1.6832"
"2005-12-13","1.6773"
"2005-12-14","1.6707"
"2005-12-15","1.6693"
"2005-12-16","1.6688"
"2005-12-19","1.6656"
"2005-12-20","1.6627"
"2005-12-21","1.6672"
"2005-12-22","1.6697"
"2005-12-23","1.6695"
"2005-12-27","1.6668"
"2005-12-28","1.6665"
"2005-12-29","1.6661"
"2005-12-30","1.6642"
"2006-01-03","1.6574"
"2006-01-04","1.6476"
"2006-01-05","1.6465"
"2006-01-06","1.6479"
"2006-01-09","1.6347"
"2006-01-11","1.6366"
"2006-01-12","1.6247"
"2006-01-13","1.6308"
"2006-01-16","1.6254"
"2006-01-17","1.6321"
"2006-01-18","1.6333"
"2006-01-19","1.6313"
"2006-01-20","1.6325"
"2006-01-23","1.6217"
"2006-01-24","1.6223"
"2006-01-25","1.6235"
"2006-01-26","1.6209"
"2006-01-27","1.6244"
"2006-02-01","1.6231"
"2006-02-02","1.6317"
"2006-02-03","1.6326"
"2006-02-06","1.627"
"2006-02-07","1.6319"
"2006-02-08","1.6309"
"2006-02-09","1.6321"
"2006-02-10","1.6299"
"2006-02-13","1.6292"
"2006-02-14","1.6283"
"2006-02-15","1.6293"
"2006-02-16","1.631"
"2006-02-17","1.636"
"2006-02-20","1.6301"
"2006-02-21","1.63"
"2006-02-22","1.6294"
"2006-02-23","1.6313"
"2006-02-24","1.6264"
"2006-02-27","1.6233"
"2006-02-28","1.6247"
"2006-03-01","1.6197"
"2006-03-02","1.619"
"2006-03-03","1.6196"
"2006-03-06","1.6233"
"2006-03-07","1.6265"
"2006-03-08","1.6314"
"2006-03-09","1.6317"
"2006-03-10","1.6299"
"2006-03-13","1.6277"
"2006-03-14","1.6252"
"2006-03-15","1.6222"
"2006-03-16","1.6183"
"2006-03-17","1.618"
"2006-03-20","1.617"
"2006-03-21","1.616"
"2006-03-22","1.6193"
"2006-03-23","1.6174"
"2006-03-24","1.6207"
"2006-03-27","1.6163"
"2006-03-28","1.6192"
"2006-03-29","1.6211"
"2006-03-30","1.6206"
"2006-03-31","1.6183"
"2006-04-03","1.617"
"2006-04-04","1.6156"
"2006-04-05","1.6048"
"2006-04-06","1.6065"
"2006-04-07","1.6048"
"2006-04-10","1.6038"
"2006-04-11","1.6112"
"2006-04-12","1.611"
"2006-04-13","1.6093"
"2006-04-17","1.6029"
"2006-04-18","1.6031"
"2006-04-19","1.5989"
"2006-04-20","1.5988"
"2006-04-21","1.5982"
"2006-04-24","1.592"
"2006-04-25","1.5878"
"2006-04-26","1.5911"
"2006-04-27","1.5868"
"2006-04-28","1.5831"
"2006-05-02","1.58"
"2006-05-03","1.5735"
"2006-05-04","1.5759"
"2006-05-05","1.578"
"2006-05-08","1.5648"
"2006-05-09","1.5716"
"2006-05-10","1.5664"
"2006-05-11","1.5696"
"2006-05-15","1.5696"
"2006-05-16","1.5814"
"2006-05-17","1.5717"
"2006-05-18","1.5789"
"2006-05-19","1.5811"
"2006-05-22","1.5911"
"2006-05-23","1.5827"
"2006-05-24","1.5894"
"2006-05-25","1.5861"
"2006-05-26","1.5788"
"2006-05-29","1.5788"
"2006-05-30","1.5783"
"2006-05-31","1.5764"
"2006-06-01","1.5807"
"2006-06-02","1.5803"
"2006-06-05","1.5734"
"2006-06-06","1.5787"
"2006-06-07","1.5825"
"2006-06-08","1.5871"
"2006-06-09","1.592"
"2006-06-12","1.5925"
"2006-06-13","1.5989"
"2006-06-14","1.5987"
"2006-06-15","1.5934"
"2006-06-16","1.5873"
"2006-06-19","1.5975"
"2006-06-20","1.5957"
"2006-06-21","1.5894"
"2006-06-22","1.5885"
"2006-06-23","1.5952"
"2006-06-26","1.5992"
"2006-06-27","1.596"
"2006-06-28","1.5963"
"2006-06-29","1.5983"
"2006-06-30","1.5894"
"2006-07-03","1.5826"
"2006-07-04","1.5809"
"2006-07-05","1.5815"
"2006-07-06","1.5852"
"2006-07-07","1.5806"
"2006-07-10","1.5741"
"2006-07-11","1.5772"
"2006-07-12","1.5787"
"2006-07-13","1.5819"
"2006-07-14","1.5862"
"2006-07-17","1.5908"
"2006-07-18","1.5926"
"2006-07-19","1.592"
"2006-07-20","1.5875"
"2006-07-21","1.5852"
"2006-07-24","1.585"
"2006-07-25","1.5852"
"2006-07-26","1.5852"
"2006-07-27","1.5786"
"2006-07-28","1.58"
"2006-07-31","1.5777"
"2006-08-01","1.5777"
"2006-08-02","1.5789"
"2006-08-03","1.5798"
"2006-08-04","1.577"
"2006-08-07","1.5717"
"2006-08-08","1.5734"
"2006-08-10","1.5708"
"2006-08-11","1.5753"
"2006-08-14","1.5789"
"2006-08-15","1.5812"
"2006-08-16","1.5778"
"2006-08-17","1.5748"
"2006-08-18","1.5749"
"2006-08-21","1.572"
"2006-08-22","1.5735"
"2006-08-23","1.5745"
"2006-08-24","1.5776"
"2006-08-25","1.5772"
"2006-08-28","1.5786"
"2006-08-29","1.5745"
"2006-08-30","1.5728"
"2006-08-31","1.5729"
"2006-09-01","1.5722"
"2006-09-04","1.5703"
"2006-09-05","1.5689"
"2006-09-06","1.5685"
"2006-09-07","1.5678"
"2006-09-08","1.5692"
"2006-09-11","1.5726"
"2006-09-12","1.5756"
"2006-09-13","1.5783"
"2006-09-14","1.5761"
"2006-09-15","1.5804"
"2006-09-18","1.5846"
"2006-09-19","1.5891"
"2006-09-20","1.5879"
"2006-09-21","1.582"
"2006-09-22","1.5838"
"2006-09-25","1.5841"
"2006-09-26","1.5845"
"2006-09-27","1.5871"
"2006-09-28","1.5872"
"2006-09-29","1.5869"
"2006-10-02","1.5887"
"2006-10-03","1.5829"
"2006-10-04","1.5834"
"2006-10-05","1.5843"
"2006-10-06","1.5858"
"2006-10-09","1.5894"
"2006-10-10","1.5884"
"2006-10-11","1.5879"
"2006-10-12","1.5872"
"2006-10-13","1.5832"
"2006-10-16","1.5854"
"2006-10-17","1.5823"
"2006-10-18","1.5772"
"2006-10-19","1.5752"
"2006-10-20","1.5723"
"2006-10-23","1.5733"
"2006-10-25","1.5723"
"2006-10-26","1.5684"
"2006-10-27","1.5659"
"2006-10-30","1.559"
"2006-10-31","1.5625"
"2006-11-01","1.5576"
"2006-11-02","1.5619"
"2006-11-03","1.5607"
"2006-11-06","1.5667"
"2006-11-07","1.5634"
"2006-11-08","1.5603"
"2006-11-09","1.5613"
"2006-11-10","1.5579"
"2006-11-13","1.5551"
"2006-11-14","1.5569"
"2006-11-15","1.5579"
"2006-11-16","1.5593"
"2006-11-17","1.5619"
"2006-11-20","1.5578"
"2006-11-21","1.5571"
"2006-11-22","1.5572"
"2006-11-23","1.5534"
"2006-11-24","1.5495"
"2006-11-27","1.5511"
"2006-11-28","1.5503"
"2006-11-29","1.5461"
"2006-11-30","1.5442"
"2006-12-01","1.5429"
"2006-12-04","1.5431"
"2006-12-05","1.5414"
"2006-12-06","1.5377"
"2006-12-07","1.5389"
"2006-12-08","1.5402"
"2006-12-11","1.546"
"2006-12-12","1.5394"
"2006-12-13","1.5397"
"2006-12-14","1.5407"
"2006-12-15","1.5401"
"2006-12-18","1.5414"
"2006-12-19","1.5464"
"2006-12-20","1.5407"
"2006-12-21","1.5413"
"2006-12-22","1.5396"
"2006-12-26","1.5405"
"2006-12-27","1.5393"
"2006-12-28","1.5365"
"2006-12-29","1.5336"
"2007-01-03","1.5303"
"2007-01-04","1.5329"
"2007-01-05","1.5364"
"2007-01-08","1.5394"
"2007-01-09","1.536"
"2007-01-10","1.5372"
"2007-01-11","1.5388"
"2007-01-12","1.5473"
"2007-01-15","1.5427"
"2007-01-16","1.5399"
"2007-01-17","1.5384"
"2007-01-18","1.5372"
"2007-01-19","1.5364"
"2007-01-22","1.5371"
"2007-01-23","1.5398"
"2007-01-24","1.5355"
"2007-01-25","1.5352"
"2007-01-26","1.5394"
"2007-01-29","1.5406"
"2007-01-30","1.5386"
"2007-01-31","1.5369"
"2007-02-01","1.5359"
"2007-02-02","1.5364"
"2007-02-05","1.5353"
"2007-02-06","1.5332"
"2007-02-07","1.5322"
"2007-02-08","1.5327"
"2007-02-09","1.5323"
"2007-02-12","1.535"
"2007-02-13","1.5426"
"2007-02-14","1.5386"
"2007-02-15","1.5357"
"2007-02-16","1.5339"
"2007-02-21","1.5336"
"2007-02-22","1.5338"
"2007-02-23","1.5339"
"2007-02-26","1.5283"
"2007-02-27","1.5273"
"2007-02-28","1.5306"
"2007-03-01","1.5279"
"2007-03-02","1.5282"
"2007-03-05","1.5263"
"2007-03-06","1.5304"
"2007-03-07","1.5289"
"2007-03-08","1.5268"
"2007-03-09","1.5268"
"2007-03-12","1.5273"
"2007-03-13","1.5276"
"2007-03-14","1.5342"
"2007-03-15","1.5324"
"2007-03-16","1.5295"
"2007-03-19","1.5254"
"2007-03-20","1.5269"
"2007-03-21","1.5249"
"2007-03-22","1.5172"
"2007-03-23","1.5185"
"2007-03-26","1.5182"
"2007-03-27","1.5174"
"2007-03-28","1.5168"
"2007-03-29","1.5179"
"2007-03-30","1.5172"
"2007-04-02","1.5174"
"2007-04-03","1.5184"
"2007-04-04","1.5175"
"2007-04-05","1.5127"
"2007-04-09","1.5128"
"2007-04-10","1.5163"
"2007-04-11","1.5181"
"2007-04-12","1.5194"
"2007-04-13","1.5166"
"2007-04-16","1.5139"
"2007-04-17","1.5136"
"2007-04-18","1.5126"
"2007-04-19","1.5104"
"2007-04-20","1.5102"
"2007-04-23","1.5125"
"2007-04-24","1.5154"
"2007-04-25","1.5116"
"2007-04-26","1.5124"
"2007-04-27","1.5167"
"2007-04-30","1.5198"
"2007-05-02","1.5231"
"2007-05-03","1.5238"
"2007-05-04","1.5236"
"2007-05-07","1.5144"
"2007-05-08","1.5144"
"2007-05-09","1.5173"
"2007-05-10","1.5156"
"2007-05-11","1.5191"
"2007-05-14","1.5137"
"2007-05-15","1.5156"
"2007-05-16","1.5174"
"2007-05-17","1.5206"
"2007-05-18","1.5271"
"2007-05-21","1.5242"
"2007-05-22","1.5313"
"2007-05-23","1.5294"
"2007-05-24","1.5259"
"2007-05-25","1.5268"
"2007-05-28","1.5273"
"2007-05-29","1.5276"
"2007-05-30","1.5279"
"2007-06-01","1.5295"
"2007-06-04","1.529"
"2007-06-05","1.5309"
"2007-06-06","1.5305"
"2007-06-07","1.5326"
"2007-06-08","1.5375"
"2007-06-11","1.5425"
"2007-06-12","1.5402"
"2007-06-13","1.5417"
"2007-06-14","1.5414"
"2007-06-15","1.541"
"2007-06-18","1.5381"
"2007-06-19","1.5378"
"2007-06-20","1.5341"
"2007-06-21","1.538"
"2007-06-22","1.5374"
"2007-06-25","1.5387"
"2007-06-26","1.5378"
"2007-06-27","1.5385"
"2007-06-28","1.5365"
"2007-06-29","1.5326"
"2007-07-02","1.5273"
"2007-07-03","1.523"
"2007-07-04","1.5231"
"2007-07-05","1.5212"
"2007-07-06","1.5202"
"2007-07-09","1.5197"
"2007-07-10","1.5178"
"2007-07-11","1.5159"
"2007-07-12","1.5159"
"2007-07-13","1.5147"
"2007-07-16","1.5167"
"2007-07-17","1.5165"
"2007-07-18","1.5182"
"2007-07-19","1.5169"
"2007-07-20","1.5117"
"2007-07-23","1.511"
"2007-07-24","1.5048"
"2007-07-25","1.5073"
"2007-07-26","1.5106"
"2007-07-27","1.5155"
"2007-07-30","1.5147"
"2007-07-31","1.5117"
"2007-08-01","1.5193"
"2007-08-02","1.5222"
"2007-08-03","1.5186"
"2007-08-06","1.5185"
"2007-08-07","1.5144"
"2007-08-08","1.5138"
"2007-08-10","1.5205"
"2007-08-13","1.5179"
"2007-08-14","1.5213"
"2007-08-15","1.5318"
"2007-08-16","1.5392"
"2007-08-17","1.5391"
"2007-08-20","1.5271"
"2007-08-21","1.5255"
"2007-08-22","1.5292"
"2007-08-23","1.5233"
"2007-08-24","1.524"
"2007-08-27","1.5191"
"2007-08-28","1.5223"
"2007-08-29","1.5264"
"2007-08-30","1.5225"
"2007-08-31","1.5224"
"2007-09-03","1.5233"
"2007-09-04","1.5231"
"2007-09-05","1.5261"
"2007-09-06","1.5263"
"2007-09-07","1.5244"
"2007-09-10","1.5254"
"2007-09-11","1.5228"
"2007-09-12","1.5172"
"2007-09-13","1.5132"
"2007-09-14","1.5128"
"2007-09-17","1.5136"
"2007-09-18","1.5174"
"2007-09-19","1.5074"
"2007-09-20","1.5061"
"2007-09-21","1.5046"
"2007-09-24","1.5042"
"2007-09-25","1.5005"
"2007-09-26","1.4978"
"2007-09-27","1.494"
"2007-09-28","1.4909"
"2007-10-01","1.4798"
"2007-10-02","1.4785"
"2007-10-03","1.4807"
"2007-10-04","1.4848"
"2007-10-05","1.4786"
"2007-10-08","1.4699"
"2007-10-09","1.4749"
"2007-10-10","1.4667"
"2007-10-11","1.4662"
"2007-10-12","1.4641"
"2007-10-15","1.4656"
"2007-10-16","1.4664"
"2007-10-17","1.4678"
"2007-10-18","1.4633"
"2007-10-19","1.4646"
"2007-10-22","1.4641"
"2007-10-23","1.4658"
"2007-10-24","1.4622"
"2007-10-25","1.4601"
"2007-10-26","1.4545"
"2007-10-29","1.4528"
"2007-10-30","1.4519"
"2007-10-31","1.4492"
"2007-11-01","1.4472"
"2007-11-02","1.4514"
"2007-11-05","1.4489"
"2007-11-06","1.4504"
"2007-11-07","1.4434"
"2007-11-09","1.4404"
"2007-11-12","1.447"
"2007-11-13","1.4538"
"2007-11-14","1.4439"
"2007-11-15","1.4459"
"2007-11-16","1.4534"
"2007-11-19","1.448"
"2007-11-20","1.4528"
"2007-11-21","1.4472"
"2007-11-22","1.4514"
"2007-11-23","1.4453"
"2007-11-26","1.4416"
"2007-11-27","1.4408"
"2007-11-28","1.444"
"2007-11-29","1.4465"
"2007-11-30","1.4458"
"2007-12-03","1.4519"
"2007-12-04","1.4497"
"2007-12-05","1.4463"
"2007-12-06","1.4478"
"2007-12-07","1.4452"
"2007-12-10","1.4408"
"2007-12-11","1.4426"
"2007-12-12","1.4429"
"2007-12-13","1.4422"
"2007-12-14","1.4441"
"2007-12-17","1.4526"
"2007-12-18","1.4596"
"2007-12-19","1.4571"
"2007-12-21","1.459"
"2007-12-24","1.4542"
"2007-12-26","1.4524"
"2007-12-27","1.4519"
"2007-12-28","1.4484"
"2007-12-31","1.4412"
"2008-01-02","1.441"
"2008-01-03","1.4369"
"2008-01-04","1.434"
"2008-01-07","1.4344"
"2008-01-08","1.4329"
"2008-01-09","1.4323"
"2008-01-10","1.431"
"2008-01-11","1.4282"
"2008-01-14","1.4308"
"2008-01-15","1.4292"
"2008-01-16","1.4277"
"2008-01-17","1.432"
"2008-01-18","1.4388"
"2008-01-21","1.439"
"2008-01-22","1.4503"
"2008-01-23","1.4391"
"2008-01-24","1.4309"
"2008-01-25","1.4231"
"2008-01-28","1.4224"
"2008-01-29","1.4194"
"2008-01-30","1.4212"
"2008-01-31","1.4184"
"2008-02-01","1.4164"
"2008-02-04","1.4151"
"2008-02-05","1.4145"
"2008-02-06","1.4194"
"2008-02-11","1.4187"
"2008-02-12","1.4184"
"2008-02-13","1.4161"
"2008-02-14","1.4192"
"2008-02-15","1.4142"
"2008-02-18","1.4116"
"2008-02-19","1.4116"
"2008-02-20","1.4114"
"2008-02-21","1.4109"
"2008-02-22","1.4077"
"2008-02-25","1.405"
"2008-02-26","1.4052"
"2008-02-27","1.4014"
"2008-02-28","1.3947"
"2008-02-29","1.3929"
"2008-03-03","1.3965"
"2008-03-04","1.3909"
"2008-03-05","1.3896"
"2008-03-06","1.3875"
"2008-03-07","1.3866"
"2008-03-10","1.3872"
"2008-03-11","1.3893"
"2008-03-12","1.3873"
"2008-03-13","1.3824"
"2008-03-14","1.3828"
"2008-03-17","1.3856"
"2008-03-18","1.3815"
"2008-03-19","1.3795"
"2008-03-20","1.3866"
"2008-03-24","1.3908"
"2008-03-25","1.3861"
"2008-03-26","1.3793"
"2008-03-27","1.3797"
"2008-03-28","1.3809"
"2008-03-31","1.3799"
"2008-04-01","1.3785"
"2008-04-02","1.3827"
"2008-04-03","1.3829"
"2008-04-04","1.3842"
"2008-04-07","1.3817"
"2008-04-08","1.3812"
"2008-04-09","1.3811"
"2008-04-10","1.3609"
"2008-04-11","1.3586"
"2008-04-14","1.3603"
"2008-04-15","1.357"
"2008-04-16","1.357"
"2008-04-17","1.3511"
"2008-04-18","1.3525"
"2008-04-21","1.3535"
"2008-04-22","1.3521"
"2008-04-23","1.3481"
"2008-04-24","1.3517"
"2008-04-25","1.3581"
"2008-04-28","1.3625"
"2008-04-29","1.3599"
"2008-04-30","1.3619"
"2008-05-02","1.3622"
"2008-05-05","1.3617"
"2008-05-06","1.3579"
"2008-05-07","1.3585"
"2008-05-08","1.3741"
"2008-05-09","1.373"
"2008-05-12","1.3704"
"2008-05-13","1.368"
"2008-05-14","1.3766"
"2008-05-15","1.3842"
"2008-05-16","1.375"
"2008-05-20","1.3691"
"2008-05-21","1.3652"
"2008-05-22","1.3587"
"2008-05-23","1.3616"
"2008-05-26","1.3601"
"2008-05-27","1.3613"
"2008-05-28","1.3626"
"2008-05-29","1.3638"
"2008-05-30","1.3651"
"2008-06-02","1.3633"
"2008-06-03","1.3631"
"2008-06-04","1.3638"
"2008-06-05","1.3697"
"2008-06-06","1.3665"
"2008-06-09","1.3627"
"2008-06-10","1.3668"
"2008-06-11","1.3728"
"2008-06-12","1.3775"
"2008-06-13","1.3785"
"2008-06-16","1.3757"
"2008-06-17","1.3671"
"2008-06-18","1.3663"
"2008-06-19","1.3678"
"2008-06-20","1.3673"
"2008-06-23","1.3648"
"2008-06-24","1.3682"
"2008-06-25","1.3677"
"2008-06-26","1.3644"
"2008-06-27","1.3646"
"2008-06-30","1.3616"
"2008-07-01","1.3604"
"2008-07-02","1.3626"
"2008-07-03","1.358"
"2008-07-04","1.3609"
"2008-07-07","1.3621"
"2008-07-08","1.3631"
"2008-07-09","1.363"
"2008-07-10","1.3612"
"2008-07-11","1.3602"
"2008-07-14","1.3561"
"2008-07-15","1.3482"
"2008-07-16","1.3478"
"2008-07-17","1.3504"
"2008-07-18","1.3529"
"2008-07-21","1.3514"
"2008-07-22","1.3526"
"2008-07-23","1.3577"
"2008-07-24","1.362"
"2008-07-25","1.3611"
"2008-07-28","1.3638"
"2008-07-29","1.3627"
"2008-07-30","1.367"
"2008-07-31","1.3676"
"2008-08-01","1.3695"
"2008-08-04","1.3692"
"2008-08-05","1.3743"
"2008-08-06","1.3774"
"2008-08-07","1.3835"
"2008-08-08","1.3986"
"2008-08-11","1.407"
"2008-08-12","1.4105"
"2008-08-13","1.4052"
"2008-08-14","1.4092"
"2008-08-15","1.4139"
"2008-08-18","1.4123"
"2008-08-19","1.4133"
"2008-08-20","1.4087"
"2008-08-21","1.4148"
"2008-08-22","1.4061"
"2008-08-25","1.4191"
"2008-08-26","1.4211"
"2008-08-27","1.417"
"2008-08-28","1.4134"
"2008-08-29","1.416"
"2008-09-01","1.4216"
"2008-09-02","1.4293"
"2008-09-03","1.434"
"2008-09-04","1.4293"
"2008-09-05","1.4364"
"2008-09-08","1.417"
"2008-09-09","1.4347"
"2008-09-10","1.4315"
"2008-09-11","1.4403"
"2008-09-12","1.438"
"2008-09-15","1.4293"
"2008-09-16","1.4353"
"2008-09-17","1.4357"
"2008-09-18","1.4338"
"2008-09-19","1.4348"
"2008-09-22","1.4204"
"2008-09-23","1.4104"
"2008-09-24","1.4149"
"2008-09-25","1.4212"
"2008-09-26","1.4222"
"2008-09-29","1.429"
"2008-09-30","1.4314"
"2008-10-02","1.4386"
"2008-10-03","1.4484"
"2008-10-06","1.4581"
"2008-10-07","1.4609"
"2008-10-08","1.467"
"2008-10-09","1.4687"
"2008-10-10","1.4823"
"2008-10-13","1.4755"
"2008-10-14","1.4599"
"2008-10-15","1.4689"
"2008-10-16","1.4813"
"2008-10-17","1.4787"
"2008-10-20","1.4782"
"2008-10-21","1.4765"
"2008-10-22","1.4954"
"2008-10-23","1.5029"
"2008-10-24","1.5035"
"2008-10-28","1.5121"
"2008-10-29","1.4989"
"2008-10-30","1.4657"
"2008-10-31","1.4807"
"2008-11-03","1.4727"
"2008-11-04","1.4857"
"2008-11-05","1.4703"
"2008-11-06","1.4857"
"2008-11-07","1.4935"
"2008-11-10","1.4857"
"2008-11-11","1.4964"
"2008-11-12","1.5048"
"2008-11-13","1.5132"
"2008-11-14","1.5113"
"2008-11-17","1.5214"
"2008-11-18","1.5266"
"2008-11-19","1.5283"
"2008-11-20","1.5298"
"2008-11-21","1.5327"
"2008-11-24","1.5302"
"2008-11-25","1.517"
"2008-11-26","1.5103"
"2008-11-27","1.5116"
"2008-11-28","1.5072"
"2008-12-01","1.5225"
"2008-12-02","1.5283"
"2008-12-03","1.5272"
"2008-12-04","1.5247"
"2008-12-05","1.5238"
"2008-12-09","1.5111"
"2008-12-10","1.5019"
"2008-12-11","1.4944"
"2008-12-12","1.4898"
"2008-12-15","1.4784"
"2008-12-16","1.4713"
"2008-12-17","1.4579"
"2008-12-18","1.4368"
"2008-12-19","1.4478"
"2008-12-22","1.452"
"2008-12-23","1.4499"
"2008-12-24","1.4476"
"2008-12-26","1.4433"
"2008-12-29","1.4421"
"2008-12-30","1.4434"
"2008-12-31","1.4392"
"2009-01-02","1.4525"
"2009-01-05","1.4607"
"2009-01-06","1.4694"
"2009-01-07","1.4722"
"2009-01-08","1.481"
"2009-01-09","1.4785"
"2009-01-12","1.4877"
"2009-01-13","1.4899"
"2009-01-14","1.4873"
"2009-01-15","1.497"
"2009-01-16","1.489"
"2009-01-19","1.4866"
"2009-01-20","1.5018"
"2009-01-21","1.5045"
"2009-01-22","1.4957"
"2009-01-23","1.5046"
"2009-01-28","1.5012"
"2009-01-29","1.504"
"2009-01-30","1.5082"
"2009-02-02","1.5158"
"2009-02-03","1.5077"
"2009-02-04","1.5078"
"2009-02-05","1.5088"
"2009-02-06","1.5066"
"2009-02-09","1.497"
"2009-02-10","1.5008"
"2009-02-11","1.5087"
"2009-02-12","1.5082"
"2009-02-13","1.5079"
"2009-02-16","1.5133"
"2009-02-17","1.5235"
"2009-02-18","1.5284"
"2009-02-19","1.5291"
"2009-02-20","1.5343"
"2009-02-23","1.5227"
"2009-02-24","1.5316"
"2009-02-25","1.5282"
"2009-02-26","1.5343"
"2009-02-27","1.5412"
"2009-03-02","1.5535"
"2009-03-03","1.5486"
"2009-03-04","1.5537"
"2009-03-05","1.5521"
"2009-03-06","1.5502"
"2009-03-09","1.5451"
"2009-03-10","1.5436"
"2009-03-11","1.5393"
"2009-03-12","1.5292"
"2009-03-13","1.539"
"2009-03-16","1.5407"
"2009-03-17","1.5342"
"2009-03-18","1.5287"
"2009-03-19","1.5174"
"2009-03-20","1.5094"
"2009-03-23","1.51"
"2009-03-24","1.5042"
"2009-03-25","1.5142"
"2009-03-26","1.5093"
"2009-03-27","1.5065"
"2009-03-30","1.5187"
"2009-03-31","1.5194"
"2009-04-01","1.5213"
"2009-04-02","1.5155"
"2009-04-03","1.5052"
"2009-04-06","1.4997"
"2009-04-07","1.5093"
"2009-04-08","1.5183"
"2009-04-09","1.5142"
"2009-04-13","1.5136"
"2009-04-14","1.5016"
"2009-04-15","1.5049"
"2009-04-16","1.4979"
"2009-04-17","1.4975"
"2009-04-20","1.5069"
"2009-04-21","1.5098"
"2009-04-22","1.5078"
"2009-04-23","1.5063"
"2009-04-24","1.4962"
"2009-04-27","1.4947"
"2009-04-28","1.5005"
"2009-04-29","1.4947"
"2009-04-30","1.4788"
"2009-05-04","1.4764"
"2009-05-05","1.475"
"2009-05-06","1.4792"
"2009-05-07","1.4716"
"2009-05-08","1.4701"
"2009-05-11","1.4575"
"2009-05-12","1.4605"
"2009-05-13","1.454"
"2009-05-14","1.4694"
"2009-05-15","1.4646"
"2009-05-18","1.4736"
"2009-05-19","1.4645"
"2009-05-20","1.4643"
"2009-05-21","1.4556"
"2009-05-22","1.4467"
"2009-05-25","1.4471"
"2009-05-26","1.4485"
"2009-05-27","1.4455"
"2009-05-28","1.4573"
"2009-05-29","1.4505"
"2009-06-01","1.441"
"2009-06-02","1.4402"
"2009-06-03","1.4383"
"2009-06-04","1.4445"
"2009-06-05","1.4456"
"2009-06-08","1.4548"
"2009-06-09","1.4622"
"2009-06-10","1.4495"
"2009-06-11","1.4509"
"2009-06-12","1.4487"
"2009-06-15","1.4567"
"2009-06-16","1.4602"
"2009-06-17","1.4585"
"2009-06-18","1.4538"
"2009-06-19","1.4569"
"2009-06-22","1.4568"
"2009-06-23","1.4613"
"2009-06-24","1.4545"
"2009-06-25","1.4566"
"2009-06-26","1.4552"
"2009-06-29","1.4544"
"2009-06-30","1.4498"
"2009-07-01","1.4485"
"2009-07-02","1.4467"
"2009-07-03","1.4514"
"2009-07-06","1.4548"
"2009-07-07","1.4557"
"2009-07-08","1.4621"
"2009-07-09","1.4618"
"2009-07-10","1.4588"
"2009-07-13","1.4629"
"2009-07-14","1.4588"
"2009-07-15","1.4556"
"2009-07-16","1.4538"
"2009-07-17","1.4532"
"2009-07-20","1.4461"
"2009-07-21","1.4426"
"2009-07-22","1.444"
"2009-07-23","1.4414"
"2009-07-24","1.4433"
"2009-07-27","1.4409"
"2009-07-28","1.4412"
"2009-07-29","1.4413"
"2009-07-30","1.4465"
"2009-07-31","1.4408"
"2009-08-03","1.437"
"2009-08-04","1.4336"
"2009-08-05","1.4324"
"2009-08-06","1.4336"
"2009-08-07","1.4361"
"2009-08-11","1.4449"
"2009-08-12","1.4487"
"2009-08-13","1.4434"
"2009-08-14","1.4423"
"2009-08-17","1.4465"
"2009-08-18","1.4503"
"2009-08-19","1.4491"
"2009-08-20","1.4479"
"2009-08-21","1.4438"
"2009-08-24","1.4381"
"2009-08-25","1.4418"
"2009-08-26","1.442"
"2009-08-27","1.4455"
"2009-08-28","1.4429"
"2009-08-31","1.4419"
"2009-09-01","1.44"
"2009-09-02","1.4447"
"2009-09-03","1.4412"
"2009-09-04","1.4415"
"2009-09-07","1.4328"
"2009-09-08","1.4327"
"2009-09-09","1.4255"
"2009-09-10","1.4235"
"2009-09-11","1.4224"
"2009-09-14","1.4247"
"2009-09-15","1.4226"
"2009-09-16","1.4186"
"2009-09-17","1.4115"
"2009-09-18","1.4155"
"2009-09-22","1.4157"
"2009-09-23","1.4101"
"2009-09-24","1.4159"
"2009-09-25","1.4186"
"2009-09-28","1.4206"
"2009-09-29","1.4181"
"2009-09-30","1.4141"
"2009-10-01","1.4116"
"2009-10-02","1.4141"
"2009-10-05","1.4114"
"2009-10-06","1.4046"
"2009-10-07","1.4031"
"2009-10-08","1.3949"
"2009-10-09","1.3918"
"2009-10-12","1.4014"
"2009-10-13","1.3972"
"2009-10-14","1.3939"
"2009-10-15","1.3861"
"2009-10-16","1.3884"
"2009-10-19","1.3953"
"2009-10-20","1.3882"
"2009-10-21","1.3951"
"2009-10-22","1.3964"
"2009-10-23","1.3928"
"2009-10-26","1.3925"
"2009-10-27","1.3976"
"2009-10-28","1.3995"
"2009-10-29","1.4039"
"2009-10-30","1.3968"
"2009-11-02","1.4004"
"2009-11-03","1.3976"
"2009-11-04","1.3998"
"2009-11-05","1.3975"
"2009-11-06","1.3946"
"2009-11-09","1.3884"
"2009-11-10","1.3882"
"2009-11-11","1.3874"
"2009-11-12","1.3865"
"2009-11-13","1.389"
"2009-11-16","1.3848"
"2009-11-17","1.3845"
"2009-11-18","1.3858"
"2009-11-19","1.3874"
"2009-11-20","1.3894"
"2009-11-23","1.3867"
"2009-11-24","1.3869"
"2009-11-25","1.384"
"2009-11-26","1.3796"
"2009-11-30","1.3828"
"2009-12-01","1.3844"
"2009-12-02","1.38"
"2009-12-03","1.3812"
"2009-12-04","1.3829"
"2009-12-07","1.3891"
"2009-12-08","1.3891"
"2009-12-09","1.3938"
"2009-12-10","1.3895"
"2009-12-11","1.3904"
"2009-12-14","1.3929"
"2009-12-15","1.3918"
"2009-12-16","1.3976"
"2009-12-17","1.3998"
"2009-12-18","1.4006"
"2009-12-21","1.4033"
"2009-12-22","1.4064"
"2009-12-23","1.4112"
"2009-12-24","1.4072"
"2009-12-28","1.406"
"2009-12-29","1.4078"
"2009-12-30","1.4067"
"2009-12-31","1.4034"
"2010-01-04","1.4038"
"2010-01-05","1.3969"
"2010-01-06","1.3966"
"2010-01-07","1.3942"
"2010-01-08","1.3982"
"2010-01-11","1.388"
"2010-01-12","1.391"
"2010-01-13","1.3897"
"2010-01-14","1.3864"
"2010-01-15","1.3886"
"2010-01-18","1.3905"
"2010-01-19","1.3878"
"2010-01-20","1.3937"
"2010-01-21","1.3994"
"2010-01-22","1.4045"
"2010-01-25","1.4017"
"2010-01-26","1.4012"
"2010-01-27","1.4019"
"2010-01-28","1.4026"
"2010-01-29","1.4046"
"2010-02-01","1.4111"
"2010-02-02","1.4117"
"2010-02-03","1.4097"
"2010-02-04","1.4122"
"2010-02-05","1.4203"
"2010-02-08","1.4216"
"2010-02-09","1.4217"
"2010-02-10","1.4187"
"2010-02-11","1.4124"
"2010-02-12","1.4124"
"2010-02-17","1.4035"
"2010-02-18","1.4094"
"2010-02-19","1.4135"
"2010-02-22","1.4075"
"2010-02-23","1.4083"
"2010-02-24","1.4096"
"2010-02-25","1.4117"
"2010-02-26","1.4087"
"2010-03-01","1.4048"
"2010-03-02","1.4065"
"2010-03-03","1.4012"
"2010-03-04","1.3998"
"2010-03-05","1.4019"
"2010-03-08","1.3994"
"2010-03-09","1.4005"
"2010-03-10","1.3991"
"2010-03-11","1.3993"
"2010-03-12","1.3973"
"2010-03-15","1.3978"
"2010-03-16","1.3967"
"2010-03-17","1.3942"
"2010-03-18","1.3932"
"2010-03-19","1.3956"
"2010-03-22","1.3999"
"2010-03-23","1.3996"
"2010-03-24","1.4019"
"2010-03-25","1.4066"
"2010-03-26","1.4065"
"2010-03-29","1.4022"
"2010-03-30","1.3978"
"2010-03-31","1.4028"
"2010-04-01","1.3989"
"2010-04-05","1.3982"
"2010-04-06","1.3977"
"2010-04-07","1.396"
"2010-04-08","1.3969"
"2010-04-09","1.3947"
"2010-04-12","1.3885"
"2010-04-13","1.3935"
"2010-04-14","1.3778"
"2010-04-15","1.3731"
"2010-04-16","1.3783"
"2010-04-19","1.3792"
"2010-04-20","1.3767"
"2010-04-21","1.3728"
"2010-04-22","1.373"
"2010-04-23","1.3742"
"2010-04-26","1.3684"
"2010-04-27","1.3678"
"2010-04-28","1.3718"
"2010-04-29","1.3721"
"2010-04-30","1.3682"
"2010-05-03","1.373"
"2010-05-04","1.3707"
"2010-05-05","1.3833"
"2010-05-06","1.3911"
"2010-05-07","1.4005"
"2010-05-10","1.3784"
"2010-05-11","1.3782"
"2010-05-12","1.3846"
"2010-05-13","1.3802"
"2010-05-14","1.3812"
"2010-05-17","1.3968"
"2010-05-18","1.3925"
"2010-05-19","1.3982"
"2010-05-20","1.399"
"2010-05-21","1.4109"
"2010-05-24","1.4066"
"2010-05-25","1.4163"
"2010-05-26","1.4104"
"2010-05-27","1.4089"
"2010-05-31","1.4017"
"2010-06-01","1.4029"
"2010-06-02","1.4132"
"2010-06-03","1.4023"
"2010-06-04","1.4033"
"2010-06-07","1.4196"
"2010-06-08","1.4145"
"2010-06-09","1.4163"
"2010-06-10","1.4128"
"2010-06-11","1.4046"
"2010-06-14","1.3985"
"2010-06-15","1.3983"
"2010-06-16","1.3937"
"2010-06-17","1.3971"
"2010-06-18","1.3889"
"2010-06-21","1.3767"
"2010-06-22","1.38"
"2010-06-23","1.3865"
"2010-06-24","1.3869"
"2010-06-25","1.3922"
"2010-06-28","1.3839"
"2010-06-29","1.3903"
"2010-06-30","1.4013"
"2010-07-01","1.4013"
"2010-07-02","1.3913"
"2010-07-05","1.3928"
"2010-07-06","1.3926"
"2010-07-07","1.3903"
"2010-07-08","1.3835"
"2010-07-09","1.3792"
"2010-07-12","1.3808"
"2010-07-13","1.3829"
"2010-07-14","1.3765"
"2010-07-15","1.375"
"2010-07-16","1.3758"
"2010-07-19","1.3807"
"2010-07-20","1.3734"
"2010-07-21","1.3724"
"2010-07-22","1.3764"
"2010-07-23","1.373"
"2010-07-26","1.3647"
"2010-07-27","1.3613"
"2010-07-28","1.364"
"2010-07-29","1.3656"
"2010-07-30","1.3623"
"2010-08-02","1.3538"
"2010-08-03","1.3529"
"2010-08-04","1.3528"
"2010-08-05","1.354"
"2010-08-06","1.3523"
"2010-08-10","1.3528"
"2010-08-11","1.3559"
"2010-08-12","1.3643"
"2010-08-13","1.3586"
"2010-08-16","1.3658"
"2010-08-17","1.3572"
"2010-08-18","1.3568"
"2010-08-19","1.3527"
"2010-08-20","1.3536"
"2010-08-23","1.3554"
"2010-08-24","1.3604"
"2010-08-25","1.3583"
"2010-08-26","1.3556"
"2010-08-27","1.3556"
"2010-08-30","1.3535"
"2010-08-31","1.3557"
"2010-09-01","1.3538"
"2010-09-02","1.3495"
"2010-09-03","1.3477"
"2010-09-06","1.3434"
"2010-09-07","1.3463"
"2010-09-08","1.3469"
"2010-09-09","1.3432"
"2010-09-13","1.3395"
"2010-09-14","1.3375"
"2010-09-15","1.3387"
"2010-09-16","1.3384"
"2010-09-17","1.3365"
"2010-09-20","1.3351"
"2010-09-21","1.334"
"2010-09-22","1.3285"
"2010-09-23","1.3263"
"2010-09-24","1.3278"
"2010-09-27","1.323"
"2010-09-28","1.3224"
"2010-09-29","1.3182"
"2010-09-30","1.3175"
"2010-10-01","1.3157"
"2010-10-04","1.3133"
"2010-10-05","1.3175"
"2010-10-06","1.3106"
"2010-10-07","1.3087"
"2010-10-08","1.307"
"2010-10-11","1.306"
"2010-10-12","1.3083"
"2010-10-13","1.3056"
"2010-10-14","1.2953"
"2010-10-15","1.2982"
"2010-10-18","1.3048"
"2010-10-19","1.3044"
"2010-10-20","1.3094"
"2010-10-21","1.3016"
"2010-10-22","1.3021"
"2010-10-25","1.295"
"2010-10-26","1.2939"
"2010-10-27","1.3018"
"2010-10-28","1.2992"
"2010-10-29","1.2987"
"2010-11-01","1.2911"
"2010-11-02","1.2894"
"2010-11-03","1.288"
"2010-11-04","1.2847"
"2010-11-08","1.2868"
"2010-11-09","1.286"
"2010-11-10","1.2888"
"2010-11-11","1.2866"
"2010-11-12","1.2964"
"2010-11-15","1.3029"
"2010-11-16","1.2988"
"2010-11-18","1.2992"
"2010-11-19","1.2988"
"2010-11-22","1.2937"
"2010-11-23","1.3027"
"2010-11-24","1.3125"
"2010-11-25","1.3099"
"2010-11-26","1.3124"
"2010-11-29","1.3172"
"2010-11-30","1.3191"
"2010-12-01","1.3183"
"2010-12-02","1.3137"
"2010-12-03","1.3095"
"2010-12-06","1.3039"
"2010-12-07","1.3045"
"2010-12-08","1.3149"
"2010-12-09","1.3107"
"2010-12-10","1.3101"
"2010-12-13","1.308"
"2010-12-14","1.3035"
"2010-12-15","1.3089"
"2010-12-16","1.316"
"2010-12-17","1.3116"
"2010-12-20","1.3222"
"2010-12-21","1.316"
"2010-12-22","1.3117"
"2010-12-23","1.306"
"2010-12-24","1.3028"
"2010-12-27","1.2985"
"2010-12-28","1.2972"
"2010-12-29","1.2979"
"2010-12-30","1.292"
"2010-12-31","1.2875"
"2011-01-03","1.2858"
"2011-01-04","1.2855"
"2011-01-05","1.2896"
"2011-01-06","1.2934"
"2011-01-07","1.2964"
"2011-01-10","1.2965"
"2011-01-11","1.2985"
"2011-01-12","1.2925"
"2011-01-13","1.2889"
"2011-01-14","1.2879"
"2011-01-17","1.2906"
"2011-01-18","1.2885"
"2011-01-19","1.2818"
"2011-01-20","1.2887"
"2011-01-21","1.2868"
"2011-01-24","1.2848"
"2011-01-25","1.2811"
"2011-01-26","1.2807"
"2011-01-27","1.2794"
"2011-01-28","1.2814"
"2011-01-31","1.2865"
"2011-02-01","1.2787"
"2011-02-02","1.2735"
"2011-02-07","1.2755"
"2011-02-08","1.2746"
"2011-02-09","1.2743"
"2011-02-10","1.2758"
"2011-02-11","1.2809"
"2011-02-14","1.2807"
"2011-02-15","1.2806"
"2011-02-16","1.2805"
"2011-02-17","1.2787"
"2011-02-18","1.2763"
"2011-02-21","1.2751"
"2011-02-22","1.2815"
"2011-02-23","1.2791"
"2011-02-24","1.2766"
"2011-02-25","1.2763"
"2011-02-28","1.2738"
"2011-03-01","1.271"
"2011-03-02","1.2735"
"2011-03-03","1.2689"
"2011-03-04","1.2676"
"2011-03-07","1.2672"
"2011-03-08","1.2669"
"2011-03-09","1.2693"
"2011-03-10","1.2709"
"2011-03-11","1.2717"
"2011-03-14","1.2705"
"2011-03-15","1.2751"
"2011-03-16","1.2787"
"2011-03-17","1.2823"
"2011-03-18","1.2728"
"2011-03-21","1.2697"
"2011-03-22","1.2664"
"2011-03-23","1.2648"
"2011-03-24","1.2644"
"2011-03-25","1.261"
"2011-03-28","1.2629"
"2011-03-29","1.2635"
"2011-03-30","1.2636"
"2011-03-31","1.2617"
"2011-04-01","1.2616"
"2011-04-04","1.2605"
"2011-04-05","1.2613"
"2011-04-06","1.2606"
"2011-04-07","1.2605"
"2011-04-08","1.2574"
"2011-04-11","1.256"
"2011-04-12","1.2604"
"2011-04-13","1.2581"
"2011-04-14","1.2492"
"2011-04-15","1.2445"
"2011-04-18","1.2443"
"2011-04-19","1.2497"
"2011-04-20","1.2408"
"2011-04-21","1.2369"
"2011-04-25","1.2355"
"2011-04-26","1.2371"
"2011-04-27","1.2309"
"2011-04-28","1.226"
"2011-04-29","1.2277"
"2011-05-03","1.2259"
"2011-05-04","1.2302"
"2011-05-05","1.231"
"2011-05-06","1.235"
"2011-05-09","1.2308"
"2011-05-10","1.2332"
"2011-05-11","1.2303"
"2011-05-12","1.2362"
"2011-05-13","1.2437"
"2011-05-16","1.2497"
"2011-05-18","1.2415"
"2011-05-19","1.2378"
"2011-05-20","1.2358"
"2011-05-23","1.2446"
"2011-05-24","1.2473"
"2011-05-25","1.2489"
"2011-05-26","1.244"
"2011-05-27","1.2361"
"2011-05-30","1.234"
"2011-05-31","1.2328"
"2011-06-01","1.2303"
"2011-06-02","1.2383"
"2011-06-03","1.2327"
"2011-06-06","1.2287"
"2011-06-07","1.2314"
"2011-06-08","1.2303"
"2011-06-09","1.2314"
"2011-06-10","1.2302"
"2011-06-13","1.2384"
"2011-06-14","1.2327"
"2011-06-15","1.2324"
"2011-06-16","1.2387"
"2011-06-17","1.2381"
"2011-06-20","1.2368"
"2011-06-21","1.2364"
"2011-06-22","1.2335"
"2011-06-23","1.2353"
"2011-06-24","1.2353"
"2011-06-27","1.2423"
"2011-06-28","1.2422"
"2011-06-29","1.2385"
"2011-06-30","1.2292"
"2011-07-01","1.2282"
"2011-07-04","1.2244"
"2011-07-05","1.2277"
"2011-07-06","1.2266"
"2011-07-07","1.2263"
"2011-07-08","1.2224"
"2011-07-11","1.2214"
"2011-07-12","1.2282"
"2011-07-13","1.2245"
"2011-07-14","1.2178"
"2011-07-15","1.2168"
"2011-07-18","1.2196"
"2011-07-19","1.2169"
"2011-07-20","1.2149"
"2011-07-21","1.2135"
"2011-07-22","1.2105"
"2011-07-25","1.2089"
"2011-07-26","1.2048"
"2011-07-27","1.2009"
"2011-07-28","1.2036"
"2011-07-29","1.2041"
"2011-08-01","1.2015"
"2011-08-02","1.2035"
"2011-08-03","1.2087"
"2011-08-04","1.2081"
"2011-08-05","1.2218"
"2011-08-08","1.217"
"2011-08-10","1.2113"
"2011-08-11","1.2146"
"2011-08-12","1.213"
"2011-08-15","1.207"
"2011-08-16","1.2025"
"2011-08-17","1.205"
"2011-08-18","1.2066"
"2011-08-19","1.2132"
"2011-08-22","1.2104"
"2011-08-23","1.2069"
"2011-08-24","1.2054"
"2011-08-25","1.2086"
"2011-08-26","1.2068"
"2011-08-29","1.2076"
"2011-08-31","1.2046"
"2011-09-01","1.2032"
"2011-09-02","1.2047"
"2011-09-05","1.2058"
"2011-09-06","1.2086"
"2011-09-07","1.2084"
"2011-09-08","1.2096"
"2011-09-09","1.2155"
"2011-09-12","1.2328"
"2011-09-13","1.2338"
"2011-09-14","1.2492"
"2011-09-15","1.2462"
"2011-09-16","1.2396"
"2011-09-19","1.2583"
"2011-09-20","1.2697"
"2011-09-21","1.2607"
"2011-09-22","1.2874"
"2011-09-23","1.2999"
"2011-09-26","1.3044"
"2011-09-27","1.2885"
"2011-09-28","1.2908"
"2011-09-29","1.2957"
"2011-09-30","1.3003"
"2011-10-03","1.314"
"2011-10-04","1.3166"
"2011-10-05","1.3078"
"2011-10-06","1.3043"
"2011-10-07","1.2943"
"2011-10-10","1.291"
"2011-10-11","1.2792"
"2011-10-12","1.2878"
"2011-10-13","1.2763"
"2011-10-14","1.2722"
"2011-10-17","1.2656"
"2011-10-18","1.2672"
"2011-10-19","1.2642"
"2011-10-20","1.2701"
"2011-10-21","1.2808"
"2011-10-24","1.271"
"2011-10-25","1.262"
"2011-10-27","1.2641"
"2011-10-28","1.2444"
"2011-10-31","1.2502"
"2011-11-01","1.2587"
"2011-11-02","1.2731"
"2011-11-03","1.2793"
"2011-11-04","1.2676"
"2011-11-08","1.2701"
"2011-11-09","1.2695"
"2011-11-10","1.293"
"2011-11-11","1.2889"
"2011-11-14","1.2808"
"2011-11-15","1.2878"
"2011-11-16","1.2969"
"2011-11-17","1.293"
"2011-11-18","1.2957"
"2011-11-21","1.2994"
"2011-11-22","1.3032"
"2011-11-23","1.3055"
"2011-11-24","1.3071"
"2011-11-25","1.3111"
"2011-11-28","1.3053"
"2011-11-29","1.2993"
"2011-11-30","1.2956"
"2011-12-01","1.2843"
"2011-12-02","1.2853"
"2011-12-05","1.2831"
"2011-12-06","1.2849"
"2011-12-07","1.2828"
"2011-12-08","1.2869"
"2011-12-09","1.2995"
"2011-12-12","1.2943"
"2011-12-13","1.3004"
"2011-12-14","1.3055"
"2011-12-15","1.3104"
"2011-12-16","1.3033"
"2011-12-19","1.3069"
"2011-12-20","1.3066"
"2011-12-21","1.2938"
"2011-12-22","1.2953"
"2011-12-23","1.2911"
"2011-12-27","1.2953"
"2011-12-28","1.2983"
"2011-12-29","1.3006"
"2011-12-30","1.3007"
"2012-01-03","1.2925"
"2012-01-04","1.2874"
"2012-01-05","1.2883"
"2012-01-06","1.2923"
"2012-01-09","1.2994"
"2012-01-10","1.2912"
"2012-01-11","1.2925"
"2012-01-12","1.2928"
"2012-01-13","1.2882"
"2012-01-16","1.2926"
"2012-01-17","1.2862"
"2012-01-18","1.282"
"2012-01-19","1.2777"
"2012-01-20","1.2736"
"2012-01-25","1.2668"
"2012-01-26","1.2584"
"2012-01-27","1.2581"
"2012-01-30","1.2542"
"2012-01-31","1.2547"
"2012-02-01","1.2567"
"2012-02-02","1.2465"
"2012-02-03","1.2484"
"2012-02-06","1.2447"
"2012-02-07","1.2481"
"2012-02-08","1.2435"
"2012-02-09","1.2447"
"2012-02-10","1.2553"
"2012-02-13","1.2547"
"2012-02-14","1.2636"
"2012-02-15","1.2585"
"2012-02-16","1.2665"
"2012-02-17","1.2609"
"2012-02-20","1.2532"
"2012-02-21","1.2542"
"2012-02-22","1.2587"
"2012-02-23","1.2588"
"2012-02-24","1.2533"
"2012-02-27","1.2568"
"2012-02-28","1.2532"
"2012-02-29","1.2474"
"2012-03-01","1.2493"
"2012-03-02","1.2483"
"2012-03-05","1.2568"
"2012-03-06","1.2614"
"2012-03-07","1.2616"
"2012-03-08","1.2564"
"2012-03-09","1.2522"
"2012-03-12","1.2594"
"2012-03-13","1.2558"
"2012-03-14","1.2607"
"2012-03-15","1.2674"
"2012-03-16","1.2598"
"2012-03-19","1.2579"
"2012-03-20","1.2583"
"2012-03-21","1.2629"
"2012-03-22","1.2637"
"2012-03-23","1.2628"
"2012-03-26","1.2606"
"2012-03-27","1.2588"
"2012-03-28","1.2568"
"2012-03-29","1.2577"
"2012-03-30","1.2572"
"2012-04-02","1.2553"
"2012-04-03","1.2515"
"2012-04-04","1.2571"
"2012-04-05","1.2579"
"2012-04-09","1.2608"
"2012-04-10","1.2595"
"2012-04-11","1.2608"
"2012-04-12","1.2562"
"2012-04-13","1.2485"
"2012-04-16","1.2535"
"2012-04-17","1.2508"
"2012-04-18","1.2486"
"2012-04-19","1.2519"
"2012-04-20","1.2513"
"2012-04-23","1.249"
"2012-04-24","1.2486"
"2012-04-25","1.2466"
"2012-04-26","1.2428"
"2012-04-27","1.243"
"2012-04-30","1.2372"
"2012-05-02","1.2362"
"2012-05-03","1.2415"
"2012-05-04","1.2421"
"2012-05-07","1.2485"
"2012-05-08","1.2462"
"2012-05-09","1.2506"
"2012-05-10","1.2508"
"2012-05-11","1.2513"
"2012-05-14","1.2528"
"2012-05-15","1.2569"
"2012-05-16","1.2668"
"2012-05-17","1.2637"
"2012-05-18","1.2751"
"2012-05-21","1.2705"
"2012-05-22","1.2667"
"2012-05-23","1.2772"
"2012-05-24","1.275"
"2012-05-25","1.2814"
"2012-05-28","1.2748"
"2012-05-29","1.2781"
"2012-05-30","1.2798"
"2012-05-31","1.2882"
"2012-06-01","1.2877"
"2012-06-04","1.2896"
"2012-06-05","1.2864"
"2012-06-06","1.2805"
"2012-06-07","1.2757"
"2012-06-08","1.2823"
"2012-06-11","1.2768"
"2012-06-12","1.2831"
"2012-06-13","1.2819"
"2012-06-14","1.2814"
"2012-06-15","1.2764"
"2012-06-18","1.2685"
"2012-06-19","1.2675"
"2012-06-20","1.2687"
"2012-06-21","1.2711"
"2012-06-22","1.2776"
"2012-06-25","1.2803"
"2012-06-26","1.281"
"2012-06-27","1.2784"
"2012-06-28","1.2755"
"2012-06-29","1.2737"
"2012-07-02","1.2686"
"2012-07-03","1.264"
"2012-07-04","1.2629"
"2012-07-05","1.2665"
"2012-07-06","1.2694"
"2012-07-09","1.2727"
"2012-07-10","1.2716"
"2012-07-11","1.2677"
"2012-07-12","1.2669"
"2012-07-13","1.2696"
"2012-07-16","1.265"
"2012-07-17","1.2612"
"2012-07-18","1.2596"
"2012-07-19","1.2566"
"2012-07-20","1.2543"
"2012-07-23","1.2612"
"2012-07-24","1.2593"
"2012-07-25","1.2611"
"2012-07-26","1.2565"
"2012-07-27","1.2515"
"2012-07-30","1.247"
"2012-07-31","1.2454"
"2012-08-01","1.2456"
"2012-08-02","1.2472"
"2012-08-03","1.2479"
"2012-08-06","1.2414"
"2012-08-07","1.2411"
"2012-08-08","1.2433"
"2012-08-10","1.2467"
"2012-08-13","1.2448"
"2012-08-14","1.2455"
"2012-08-15","1.2487"
"2012-08-16","1.2514"
"2012-08-17","1.2523"
"2012-08-21","1.2512"
"2012-08-22","1.2518"
"2012-08-23","1.2443"
"2012-08-24","1.2485"
"2012-08-27","1.2515"
"2012-08-28","1.255"
"2012-08-29","1.2537"
"2012-08-30","1.2539"
"2012-08-31","1.2523"
"2012-09-03","1.2475"
"2012-09-04","1.2444"
"2012-09-05","1.2479"
"2012-09-06","1.2464"
"2012-09-07","1.2427"
"2012-09-10","1.2356"
"2012-09-11","1.2343"
"2012-09-12","1.229"
"2012-09-13","1.2277"
"2012-09-14","1.2219"
"2012-09-17","1.2225"
"2012-09-18","1.2245"
"2012-09-19","1.2249"
"2012-09-20","1.225"
"2012-09-21","1.224"
"2012-09-24","1.2262"
"2012-09-25","1.2268"
"2012-09-26","1.2298"
"2012-09-27","1.2293"
"2012-09-28","1.2254"
"2012-10-01","1.2307"
"2012-10-02","1.2275"
"2012-10-03","1.2331"
"2012-10-04","1.2309"
"2012-10-05","1.2271"
"2012-10-08","1.2314"
"2012-10-09","1.2285"
"2012-10-10","1.2302"
"2012-10-11","1.2288"
"2012-10-12","1.222"
"2012-10-15","1.2228"
"2012-10-16","1.2214"
"2012-10-17","1.2188"
"2012-10-18","1.2183"
"2012-10-19","1.2202"
"2012-10-22","1.2209"
"2012-10-23","1.2218"
"2012-10-24","1.2233"
"2012-10-25","1.2219"
"2012-10-29","1.2211"
"2012-10-30","1.2224"
"2012-10-31","1.2205"
"2012-11-01","1.2208"
"2012-11-02","1.2214"
"2012-11-05","1.2248"
"2012-11-06","1.2243"
"2012-11-07","1.2215"
"2012-11-08","1.2249"
"2012-11-09","1.223"
"2012-11-12","1.2227"
"2012-11-14","1.222"
"2012-11-15","1.2234"
"2012-11-16","1.228"
"2012-11-19","1.225"
"2012-11-20","1.2233"
"2012-11-21","1.2269"
"2012-11-22","1.2251"
"2012-11-23","1.2246"
"2012-11-26","1.2229"
"2012-11-27","1.2217"
"2012-11-28","1.2227"
"2012-11-29","1.222"
"2012-11-30","1.2209"
"2012-12-03","1.2206"
"2012-12-04","1.219"
"2012-12-05","1.2186"
"2012-12-06","1.22"
"2012-12-07","1.221"
"2012-12-10","1.222"
"2012-12-11","1.2224"
"2012-12-12","1.2213"
"2012-12-13","1.221"
"2012-12-14","1.2214"
"2012-12-17","1.2202"
"2012-12-18","1.2196"
"2012-12-19","1.219"
"2012-12-20","1.2201"
"2012-12-21","1.2204"
"2012-12-24","1.2215"
"2012-12-26","1.2237"
"2012-12-27","1.2232"
"2012-12-28","1.2235"
"2012-12-31","1.2221"
"2013-01-02","1.2208"
"2013-01-03","1.2227"
"2013-01-04","1.2296"
"2013-01-07","1.2307"
"2013-01-08","1.2289"
"2013-01-09","1.2281"
"2013-01-10","1.2268"
"2013-01-11","1.2242"
"2013-01-14","1.2261"
"2013-01-15","1.2245"
"2013-01-16","1.2248"
"2013-01-17","1.2248"
"2013-01-18","1.2251"
"2013-01-21","1.2288"
"2013-01-22","1.2281"
"2013-01-23","1.2277"
"2013-01-24","1.2269"
"2013-01-25","1.2311"
"2013-01-28","1.2353"
"2013-01-29","1.2376"
"2013-01-30","1.2349"
"2013-01-31","1.2389"
"2013-02-01","1.2415"
"2013-02-04","1.2388"
"2013-02-05","1.2376"
"2013-02-06","1.2372"
"2013-02-07","1.2385"
"2013-02-08","1.2385"
"2013-02-13","1.2378"
"2013-02-14","1.2351"
"2013-02-15","1.2348"
"2013-02-18","1.24"
"2013-02-19","1.2389"
"2013-02-20","1.2368"
"2013-02-21","1.24"
"2013-02-22","1.2377"
"2013-02-25","1.2397"
"2013-02-26","1.2389"
"2013-02-27","1.2376"
"2013-02-28","1.2363"
"2013-03-01","1.2371"
"2013-03-04","1.2437"
"2013-03-05","1.2442"
"2013-03-06","1.2442"
"2013-03-07","1.2486"
"2013-03-08","1.2468"
"2013-03-11","1.2489"
"2013-03-12","1.2476"
"2013-03-13","1.2471"
"2013-03-14","1.2489"
"2013-03-15","1.2484"
"2013-03-18","1.2509"
"2013-03-19","1.2495"
"2013-03-20","1.2523"
"2013-03-21","1.2507"
"2013-03-22","1.2494"
"2013-03-25","1.2453"
"2013-03-26","1.2411"
"2013-03-27","1.2431"
"2013-03-28","1.2436"
"2013-04-01","1.2417"
"2013-04-02","1.2364"
"2013-04-03","1.2394"
"2013-04-04","1.238"
"2013-04-05","1.2402"
"2013-04-08","1.2413"
"2013-04-09","1.2406"
"2013-04-10","1.2375"
"2013-04-11","1.238"
"2013-04-12","1.2373"
"2013-04-15","1.2372"
"2013-04-16","1.2377"
"2013-04-17","1.2337"
"2013-04-18","1.2357"
"2013-04-19","1.2356"
"2013-04-22","1.2377"
"2013-04-23","1.2407"
"2013-04-24","1.2413"
"2013-04-25","1.2394"
"2013-04-26","1.2373"
"2013-04-29","1.2347"
"2013-04-30","1.2342"
"2013-05-02","1.2338"
"2013-05-03","1.2346"
"2013-05-06","1.2304"
"2013-05-07","1.2306"
"2013-05-08","1.2315"
"2013-05-09","1.2282"
"2013-05-10","1.2356"
"2013-05-13","1.2412"
"2013-05-14","1.2391"
"2013-05-15","1.2423"
"2013-05-16","1.2465"
"2013-05-17","1.2545"
"2013-05-20","1.2544"
"2013-05-21","1.2545"
"2013-05-22","1.2592"
"2013-05-23","1.2676"
"2013-05-27","1.2649"
"2013-05-28","1.2637"
"2013-05-29","1.2694"
"2013-05-30","1.2659"
"2013-05-31","1.2613"
"2013-06-03","1.2603"
"2013-06-04","1.2519"
"2013-06-05","1.249"
"2013-06-06","1.2504"
"2013-06-07","1.2416"
"2013-06-10","1.2543"
"2013-06-11","1.2598"
"2013-06-12","1.2561"
"2013-06-13","1.2578"
"2013-06-14","1.2517"
"2013-06-17","1.2546"
"2013-06-18","1.2608"
"2013-06-19","1.2598"
"2013-06-20","1.2708"
"2013-06-21","1.2755"
"2013-06-24","1.2765"
"2013-06-25","1.2758"
"2013-06-26","1.2716"
"2013-06-27","1.2684"
"2013-06-28","1.2652"
"2013-07-01","1.2669"
"2013-07-02","1.2664"
"2013-07-03","1.2727"
"2013-07-04","1.2713"
"2013-07-05","1.2759"
"2013-07-08","1.2846"
"2013-07-09","1.277"
"2013-07-10","1.2779"
"2013-07-11","1.2619"
"2013-07-12","1.2606"
"2013-07-15","1.2642"
"2013-07-16","1.2618"
"2013-07-17","1.2612"
"2013-07-18","1.2658"
"2013-07-19","1.2677"
"2013-07-22","1.2627"
"2013-07-23","1.2618"
"2013-07-24","1.2646"
"2013-07-25","1.2676"
"2013-07-26","1.2624"
"2013-07-29","1.2663"
"2013-07-30","1.269"
"2013-07-31","1.2738"
"2013-08-01","1.2714"
"2013-08-02","1.2756"
"2013-08-05","1.2706"
"2013-08-06","1.2668"
"2013-08-07","1.2684"
"2013-08-12","1.2615"
"2013-08-13","1.2624"
"2013-08-14","1.2676"
"2013-08-15","1.2685"
"2013-08-16","1.2706"
"2013-08-19","1.2745"
"2013-08-20","1.278"
"2013-08-21","1.2773"
"2013-08-22","1.2841"
"2013-08-23","1.28"
"2013-08-26","1.2793"
"2013-08-27","1.2822"
"2013-08-28","1.2824"
"2013-08-29","1.2769"
"2013-08-30","1.2757"
"2013-09-02","1.274"
"2013-09-03","1.2727"
"2013-09-04","1.2782"
"2013-09-05","1.2756"
"2013-09-06","1.2797"
"2013-09-09","1.2747"
"2013-09-10","1.2688"
"2013-09-11","1.2702"
"2013-09-12","1.2668"
"2013-09-13","1.2694"
"2013-09-16","1.2621"
"2013-09-17","1.2639"
"2013-09-18","1.2604"
"2013-09-19","1.2446"
"2013-09-20","1.246"
"2013-09-23","1.2492"
"2013-09-24","1.2531"
"2013-09-25","1.2569"
"2013-09-26","1.2549"
"2013-09-27","1.2556"
"2013-09-30","1.2572"
"2013-10-01","1.2536"
"2013-10-02","1.2528"
"2013-10-03","1.2482"
"2013-10-04","1.2477"
"2013-10-07","1.2482"
"2013-10-08","1.2498"
"2013-10-09","1.2513"
"2013-10-10","1.2532"
"2013-10-11","1.2485"
"2013-10-14","1.2459"
"2013-10-16","1.2424"
"2013-10-17","1.2443"
"2013-10-18","1.2395"
"2013-10-21","1.2416"
"2013-10-22","1.2424"
"2013-10-23","1.2363"
"2013-10-24","1.2375"
"2013-10-25","1.2375"
"2013-10-28","1.2364"
"2013-10-29","1.2386"
"2013-10-30","1.2398"
"2013-10-31","1.2394"
"2013-11-01","1.2417"
"2013-11-04","1.2432"
"2013-11-05","1.2423"
"2013-11-06","1.2433"
"2013-11-07","1.2422"
"2013-11-08","1.2439"
"2013-11-11","1.2468"
"2013-11-12","1.248"
"2013-11-13","1.2489"
"2013-11-14","1.2464"
"2013-11-15","1.2477"
"2013-11-18","1.2462"
"2013-11-19","1.2462"
"2013-11-20","1.2435"
"2013-11-21","1.2484"
"2013-11-22","1.251"
"2013-11-25","1.2522"
"2013-11-26","1.2513"
"2013-11-27","1.2524"
"2013-11-28","1.2548"
"2013-11-29","1.2555"
"2013-12-02","1.2543"
"2013-12-03","1.2562"
"2013-12-04","1.254"
"2013-12-05","1.2552"
"2013-12-06","1.2537"
"2013-12-09","1.251"
"2013-12-10","1.2497"
"2013-12-11","1.2495"
"2013-12-12","1.2534"
"2013-12-13","1.2555"
"2013-12-16","1.2547"
"2013-12-17","1.2552"
"2013-12-18","1.258"
"2013-12-19","1.2633"
"2013-12-20","1.2667"
"2013-12-23","1.2663"
"2013-12-24","1.2677"
"2013-12-26","1.2689"
"2013-12-27","1.2677"
"2013-12-30","1.2693"
"2013-12-31","1.2653"
"2014-01-02","1.2639"
"2014-01-03","1.2673"
"2014-01-06","1.2689"
"2014-01-07","1.2695"
"2014-01-08","1.2711"
"2014-01-09","1.2722"
"2014-01-10","1.2706"
"2014-01-13","1.2639"
"2014-01-14","1.2672"
"2014-01-15","1.2708"
"2014-01-16","1.2738"
"2014-01-17","1.2728"
"2014-01-20","1.2768"
"2014-01-21","1.2763"
"2014-01-22","1.278"
"2014-01-23","1.2815"
"2014-01-24","1.278"
"2014-01-27","1.2775"
"2014-01-28","1.2743"
"2014-01-29","1.2729"
"2014-01-30","1.2759"
"2014-02-03","1.2779"
"2014-02-04","1.2711"
"2014-02-05","1.2699"
"2014-02-06","1.2689"
"2014-02-07","1.2684"
"2014-02-10","1.2682"
"2014-02-11","1.2691"
"2014-02-12","1.265"
"2014-02-13","1.2673"
"2014-02-14","1.2653"
"2014-02-17","1.2595"
"2014-02-18","1.2617"
"2014-02-19","1.2627"
"2014-02-20","1.2648"
"2014-02-21","1.2656"
"2014-02-24","1.2673"
"2014-02-25","1.2623"
"2014-02-26","1.2645"
"2014-02-27","1.2665"
"2014-02-28","1.2672"
"2014-03-03","1.2672"
"2014-03-04","1.2703"
"2014-03-05","1.2706"
"2014-03-06","1.2677"
"2014-03-07","1.2635"
"2014-03-10","1.2685"
"2014-03-11","1.2661"
"2014-03-12","1.2688"
"2014-03-13","1.2666"
"2014-03-14","1.2665"
"2014-03-17","1.2655"
"2014-03-18","1.2644"
"2014-03-19","1.2651"
"2014-03-20","1.273"
"2014-03-21","1.277"
"2014-03-24","1.2716"
"2014-03-25","1.2677"
"2014-03-26","1.2686"
"2014-03-27","1.2649"
"2014-03-28","1.2614"
"2014-03-31","1.2605"
"2014-04-01","1.2588"
"2014-04-02","1.26"
"2014-04-03","1.2624"
"2014-04-04","1.2639"
"2014-04-07","1.2607"
"2014-04-08","1.2595"
"2014-04-09","1.2503"
"2014-04-10","1.2485"
"2014-04-11","1.2492"
"2014-04-14","1.2512"
"2014-04-15","1.2539"
"2014-04-16","1.2527"
"2014-04-17","1.2507"
"2014-04-21","1.252"
"2014-04-22","1.2547"
"2014-04-23","1.2576"
"2014-04-24","1.2563"
"2014-04-25","1.2571"
"2014-04-28","1.2567"
"2014-04-29","1.2565"
"2014-04-30","1.2565"
"2014-05-02","1.2529"
"2014-05-05","1.2509"
"2014-05-06","1.2506"
"2014-05-07","1.2479"
"2014-05-08","1.2496"
"2014-05-09","1.2476"
"2014-05-12","1.2496"
"2014-05-14","1.2507"
"2014-05-15","1.2507"
"2014-05-16","1.252"
"2014-05-19","1.2508"
"2014-05-20","1.2508"
"2014-05-21","1.253"
"2014-05-22","1.2506"
"2014-05-23","1.2522"
"2014-05-26","1.2533"
"2014-05-27","1.2545"
"2014-05-28","1.2552"
"2014-05-29","1.2553"
"2014-05-30","1.2548"
"2014-06-02","1.2559"
"2014-06-03","1.256"
"2014-06-04","1.2581"
"2014-06-05","1.2576"
"2014-06-06","1.2529"
"2014-06-09","1.2509"
"2014-06-10","1.2507"
"2014-06-11","1.2504"
"2014-06-12","1.2499"
"2014-06-13","1.2479"
"2014-06-16","1.2506"
"2014-06-17","1.2525"
"2014-06-18","1.2541"
"2014-06-19","1.2484"
"2014-06-20","1.2493"
"2014-06-23","1.2485"
"2014-06-24","1.2491"
"2014-06-25","1.251"
"2014-06-26","1.2486"
"2014-06-27","1.2486"
"2014-06-30","1.249"
"2014-07-01","1.2467"
"2014-07-02","1.2464"
"2014-07-03","1.2484"
"2014-07-04","1.2465"
"2014-07-07","1.2463"
"2014-07-08","1.246"
"2014-07-09","1.2429"
"2014-07-10","1.2413"
"2014-07-11","1.2424"
"2014-07-14","1.2414"
"2014-07-15","1.2425"
"2014-07-16","1.2438"
"2014-07-17","1.2418"
"2014-07-18","1.2417"
"2014-07-21","1.2408"
"2014-07-22","1.2406"
"2014-07-23","1.2389"
"2014-07-24","1.2377"
"2014-07-25","1.2412"
"2014-07-29","1.242"
"2014-07-30","1.2419"
"2014-07-31","1.2458"
"2014-08-01","1.2484"
"2014-08-04","1.2462"
"2014-08-05","1.2455"
"2014-08-06","1.248"
"2014-08-07","1.2494"
"2014-08-08","1.2542"
"2014-08-11","1.2495"
"2014-08-12","1.2504"
"2014-08-13","1.2501"
"2014-08-14","1.248"
"2014-08-15","1.2454"
"2014-08-18","1.2449"
"2014-08-19","1.2439"
"2014-08-20","1.2485"
"2014-08-21","1.2517"
"2014-08-22","1.2488"
"2014-08-25","1.2511"
"2014-08-26","1.2503"
"2014-08-27","1.2484"
"2014-08-28","1.2465"
"2014-08-29","1.2492"
"2014-09-01","1.2493"
"2014-09-02","1.2521"
"2014-09-03","1.2548"
"2014-09-04","1.2508"
"2014-09-05","1.2556"
"2014-09-08","1.2538"
"2014-09-09","1.2615"
"2014-09-10","1.2639"
"2014-09-11","1.2632"
"2014-09-12","1.2648"
"2014-09-15","1.2656"
"2014-09-16","1.2624"
"2014-09-17","1.2617"
"2014-09-18","1.269"
"2014-09-19","1.2683"
"2014-09-22","1.2651"
"2014-09-23","1.2677"
"2014-09-24","1.2672"
"2014-09-25","1.2678"
"2014-09-26","1.2702"
"2014-09-29","1.2742"
"2014-09-30","1.2728"
"2014-10-01","1.2764"
"2014-10-02","1.2703"
"2014-10-03","1.2727"
"2014-10-07","1.2775"
"2014-10-08","1.2797"
"2014-10-09","1.2698"
"2014-10-10","1.2706"
"2014-10-13","1.2715"
"2014-10-14","1.2707"
"2014-10-15","1.2764"
"2014-10-16","1.2719"
"2014-10-17","1.2743"
"2014-10-20","1.2732"
"2014-10-21","1.2688"
"2014-10-23","1.272"
"2014-10-24","1.2762"
"2014-10-27","1.2744"
"2014-10-28","1.2742"
"2014-10-29","1.2727"
"2014-10-30","1.2787"
"2014-10-31","1.2779"
"2014-11-03","1.2877"
"2014-11-04","1.2892"
"2014-11-05","1.2888"
"2014-11-06","1.2954"
"2014-11-07","1.296"
"2014-11-10","1.2886"
"2014-11-11","1.2906"
"2014-11-12","1.2928"
"2014-11-13","1.2923"
"2014-11-14","1.2939"
"2014-11-17","1.2957"
"2014-11-18","1.2976"
"2014-11-19","1.3003"
"2014-11-20","1.3028"
"2014-11-21","1.2977"
"2014-11-24","1.2997"
"2014-11-25","1.3025"
"2014-11-26","1.3003"
"2014-11-27","1.2975"
"2014-11-28","1.3025"
"2014-12-01","1.3089"
"2014-12-02","1.3056"
"2014-12-03","1.3114"
"2014-12-04","1.3142"
"2014-12-05","1.3137"
"2014-12-08","1.3224"
"2014-12-09","1.3206"
"2014-12-10","1.3152"
"2014-12-11","1.3099"
"2014-12-12","1.3131"
"2014-12-15","1.3128"
"2014-12-16","1.3104"
"2014-12-17","1.3043"
"2014-12-18","1.3126"
"2014-12-19","1.3139"
"2014-12-22","1.3166"
"2014-12-23","1.3211"
"2014-12-24","1.324"
"2014-12-26","1.3216"
"2014-12-29","1.3226"
"2014-12-30","1.3253"
"2014-12-31","1.3213"
"2015-01-02","1.3264"
"2015-01-05","1.3352"
"2015-01-06","1.3347"
"2015-01-07","1.3353"
"2015-01-08","1.3375"
"2015-01-09","1.3366"
"2015-01-12","1.3318"
"2015-01-13","1.3337"
"2015-01-14","1.336"
"2015-01-15","1.334"
"2015-01-16","1.3246"
"2015-01-19","1.328"
"2015-01-20","1.3379"
"2015-01-21","1.3365"
"2015-01-22","1.3346"
"2015-01-23","1.3374"
"2015-01-26","1.3452"
"2015-01-27","1.3439"
"2015-01-28","1.3518"
"2015-01-29","1.3533"
"2015-01-30","1.3512"
"2015-02-02","1.3545"
"2015-02-03","1.3527"
"2015-02-04","1.345"
"2015-02-05","1.3476"
"2015-02-06","1.3449"
"2015-02-09","1.3528"
"2015-02-10","1.3528"
"2015-02-11","1.3564"
"2015-02-12","1.3617"
"2015-02-13","1.3561"
"2015-02-16","1.3545"
"2015-02-17","1.355"
"2015-02-18","1.3573"
"2015-02-23","1.3603"
"2015-02-24","1.3601"
"2015-02-25","1.357"
"2015-02-26","1.353"
"2015-02-27","1.3568"
"2015-03-02","1.3641"
"2015-03-03","1.3646"
"2015-03-04","1.3626"
"2015-03-05","1.3685"
"2015-03-06","1.3695"
"2015-03-09","1.3813"
"2015-03-10","1.3856"
"2015-03-11","1.3874"
"2015-03-12","1.3875"
"2015-03-13","1.3839"
"2015-03-16","1.3925"
"2015-03-17","1.3892"
"2015-03-18","1.3887"
"2015-03-19","1.3809"
"2015-03-20","1.3861"
"2015-03-23","1.3777"
"2015-03-24","1.3697"
"2015-03-25","1.3661"
"2015-03-26","1.3706"
"2015-03-27","1.3694"
"2015-03-30","1.3747"
"2015-03-31","1.3765"
"2015-04-01","1.3673"
"2015-04-02","1.3628"
"2015-04-06","1.3518"
"2015-04-07","1.3565"
"2015-04-08","1.3585"
"2015-04-09","1.3561"
"2015-04-10","1.3586"
"2015-04-13","1.3686"
"2015-04-14","1.3638"
"2015-04-15","1.3635"
"2015-04-16","1.3545"
"2015-04-17","1.3491"
"2015-04-20","1.345"
"2015-04-21","1.3507"
"2015-04-22","1.3503"
"2015-04-23","1.3464"
"2015-04-24","1.3405"
"2015-04-27","1.3325"
"2015-04-28","1.3293"
"2015-04-29","1.3204"
"2015-04-30","1.323"
"2015-05-04","1.332"
"2015-05-05","1.336"
"2015-05-06","1.3277"
"2015-05-07","1.3285"
"2015-05-08","1.3328"
"2015-05-11","1.3341"
"2015-05-12","1.3396"
"2015-05-13","1.3351"
"2015-05-14","1.3209"
"2015-05-15","1.321"
"2015-05-18","1.3222"
"2015-05-19","1.328"
"2015-05-20","1.3361"
"2015-05-21","1.3357"
"2015-05-22","1.3321"
"2015-05-25","1.3389"
"2015-05-26","1.3448"
"2015-05-27","1.3505"
"2015-05-28","1.3508"
"2015-05-29","1.3476"
"2015-06-02","1.3554"
"2015-06-03","1.3469"
"2015-06-04","1.3467"
"2015-06-05","1.3476"
"2015-06-08","1.3603"
"2015-06-09","1.3543"
"2015-06-10","1.354"
"2015-06-11","1.344"
"2015-06-12","1.3444"
"2015-06-15","1.3479"
"2015-06-16","1.3459"
"2015-06-17","1.3434"
"2015-06-18","1.3358"
"2015-06-19","1.3341"
"2015-06-22","1.3321"
"2015-06-23","1.339"
"2015-06-24","1.342"
"2015-06-25","1.3428"
"2015-06-26","1.3437"
"2015-06-29","1.3521"
"2015-06-30","1.3474"
"2015-07-01","1.3453"
"2015-07-02","1.3517"
"2015-07-03","1.3501"
"2015-07-06","1.3514"
"2015-07-07","1.3524"
"2015-07-08","1.3565"
"2015-07-09","1.3506"
"2015-07-10","1.3487"
"2015-07-13","1.3518"
"2015-07-14","1.3609"
"2015-07-15","1.361"
"2015-07-16","1.3669"
"2015-07-20","1.3729"
"2015-07-21","1.3712"
"2015-07-22","1.365"
"2015-07-23","1.3674"
"2015-07-24","1.3709"
"2015-07-27","1.3695"
"2015-07-28","1.3661"
"2015-07-29","1.3637"
"2015-07-30","1.3704"
"2015-07-31","1.3728"
"2015-08-03","1.3731"
"2015-08-04","1.3806"
"2015-08-05","1.3853"
"2015-08-06","1.3838"
"2015-08-11","1.3983"
"2015-08-12","1.4119"
"2015-08-13","1.3932"
"2015-08-14","1.4042"
"2015-08-17","1.4084"
"2015-08-18","1.407"
"2015-08-19","1.404"
"2015-08-20","1.4032"
"2015-08-21","1.409"
"2015-08-24","1.4131"
"2015-08-25","1.4057"
"2015-08-26","1.4006"
"2015-08-27","1.4018"
"2015-08-28","1.4018"
"2015-08-31","1.4135"
"2015-09-01","1.4083"
"2015-09-02","1.413"
"2015-09-03","1.4163"
"2015-09-04","1.4183"
"2015-09-07","1.4249"
"2015-09-08","1.4262"
"2015-09-09","1.414"
"2015-09-10","1.4212"
"2015-09-14","1.4104"
"2015-09-15","1.4011"
"2015-09-16","1.4008"
"2015-09-17","1.3988"
"2015-09-18","1.4003"
"2015-09-21","1.405"
"2015-09-22","1.4128"
"2015-09-23","1.4219"
"2015-09-25","1.4243"
"2015-09-28","1.4259"
"2015-09-29","1.4319"
"2015-09-30","1.4253"
"2015-10-01","1.4258"
"2015-10-02","1.4356"
"2015-10-05","1.4318"
"2015-10-06","1.4237"
"2015-10-07","1.4243"
"2015-10-08","1.414"
"2015-10-09","1.4018"
"2015-10-12","1.402"
"2015-10-13","1.403"
"2015-10-14","1.3933"
"2015-10-15","1.3763"
"2015-10-16","1.3834"
"2015-10-19","1.3827"
